Plugin ID,CVE,CVSS,Risk,Host,Protocol,Port,Name,Synopsis,Description,Solution,See Also,Plugin Output
"10114","CVE-1999-0524","","None","113.203.192.20","icmp","0","ICMP Timestamp Request Remote Date Disclosure","It is possible to determine the exact time set on the remote host.","The remote host answers to an ICMP timestamp request.  This allows an
attacker to know the date that is set on the targeted machine, which
may assist an unauthenticated, remote attacker in defeating time-based
authentication protocols.

Timestamps returned from machines running Windows Vista / 7 / 2008 /
2008 R2 are deliberately incorrect, but usually within 1000 seconds of
the actual system time.","Filter out the ICMP timestamp requests (13), and the outgoing ICMP
timestamp replies (14).","","The difference between the local and remote clocks is -15613 seconds.
"
"11219","","","None","113.203.192.20","tcp","8080","Nessus SYN scanner","It is possible to determine which TCP ports are open.","This plugin is a SYN 'half-open' port scanner.  It shall be reasonably
quick even against a firewalled target. 

Note that SYN scans are less intrusive than TCP (full connect) scans
against broken services, but they might cause problems for less robust
firewalls and also leave unclosed connections on the remote target, if
the network is loaded.","Protect your target with an IP filter.","","Port 8080/tcp was found to be open"
"11219","","","None","113.203.192.20","tcp","8888","Nessus SYN scanner","It is possible to determine which TCP ports are open.","This plugin is a SYN 'half-open' port scanner.  It shall be reasonably
quick even against a firewalled target. 

Note that SYN scans are less intrusive than TCP (full connect) scans
against broken services, but they might cause problems for less robust
firewalls and also leave unclosed connections on the remote target, if
the network is loaded.","Protect your target with an IP filter.","","Port 8888/tcp was found to be open"
"11936","","","None","113.203.192.20","tcp","0","OS Identification","It is possible to guess the remote operating system.","Using a combination of remote probes (e.g., TCP/IP, SMB, HTTP, NTP,
SNMP, etc.), it is possible to guess the name of the remote operating
system in use. It is also possible sometimes to guess the version of
the operating system.","n/a","","
Remote operating system : Dell PowerConnect Switch
Confidence level : 70
Method : SinFP

 
The remote host is running Dell PowerConnect Switch"
"19506","","","None","113.203.192.20","tcp","0","Nessus Scan Information","This plugin displays information about the Nessus scan.","This plugin displays, for each tested host, information about the
scan itself :

  - The version of the plugin set.
  - The type of scanner (Nessus or Nessus Home).
  - The version of the Nessus Engine.
  - The port scanner(s) used.
  - The port range scanned.
  - Whether credentialed or third-party patch management
    checks are possible.
  - The date of the scan.
  - The duration of the scan.
  - The number of hosts scanned in parallel.
  - The number of checks done in parallel.","n/a","","Information about this scan : 

Nessus version : 6.8.1
Plugin feed version : 201608181730
Scanner edition used : Nessus
Scan type : Normal
Scan policy used : Device Discovery Test
Scanner IP : 172.31.33.81
Port scanner(s) : nessus_syn_scanner 
Port range : default
Thorough tests : no
Experimental tests : no
Paranoia level : 1
Report verbosity : 1
Safe checks : yes
Optimize the test : yes
Credentialed checks : no
Patch management checks : None
CGI scanning : disabled
Web application tests : disabled
Max hosts : 100
Max checks : 5
Recv timeout : 5
Backports : None
Allow post-scan editing: Yes
Scan Start Date : 2016/8/19 1:25 
Scan duration : 2076 sec
"
"22964","","","None","113.203.192.20","tcp","8080","Service Detection","The remote service could be identified.","Nessus was able to identify the remote service by its banner or by
looking at the error message it sends when it receives an HTTP
request.","n/a","","The service closed the connection without sending any data.
It might be protected by some sort of TCP wrapper."
"22964","","","None","113.203.192.20","tcp","8888","Service Detection","The remote service could be identified.","Nessus was able to identify the remote service by its banner or by
looking at the error message it sends when it receives an HTTP
request.","n/a","","The service closed the connection without sending any data.
It might be protected by some sort of TCP wrapper."
"54615","","","None","113.203.192.20","tcp","0","Device Type","It is possible to guess the remote device type.","Based on the remote operating system, it is possible to determine
what the remote system type is (eg: a printer, router, general-purpose
computer, etc).","n/a","","Remote device type : switch
Confidence level : 70
"
"10919","","","None","113.203.193.145","tcp","0","Open Port Re-check","Previously open ports are now closed.","One of several ports that were previously open are now closed or
unresponsive.

There are several possible reasons for this :

  - The scan may have caused a service to freeze or stop
    running.

  - An administrator may have stopped a particular service
    during the scanning process.

This might be an availability problem related to the following :

  - A network outage has been experienced during the scan,
    and the remote network cannot be reached anymore by the
    scanner.

  - This scanner may has been blacklisted by the system
    administrator or by an automatic intrusion detection /
    prevention system that detected the scan.

  - The remote host is now down, either because a user
    turned it off during the scan or because a select denial
    of service was effective.

In any case, the audit of the remote host might be incomplete and may
need to be done again.","- Increase checks_read_timeout and/or reduce max_checks.

- Disable any IPS during the Nessus scan","","Port 5554 was detected as being open but is now unresponsive
Port 1024 was detected as being open but is now unresponsive
Port 8080 was detected as being open but is now unresponsive
Port 5555 was detected as being open but is now unresponsive
"
"11219","","","None","113.203.193.145","tcp","8080","Nessus SYN scanner","It is possible to determine which TCP ports are open.","This plugin is a SYN 'half-open' port scanner.  It shall be reasonably
quick even against a firewalled target. 

Note that SYN scans are less intrusive than TCP (full connect) scans
against broken services, but they might cause problems for less robust
firewalls and also leave unclosed connections on the remote target, if
the network is loaded.","Protect your target with an IP filter.","","Port 8080/tcp was found to be open"
"11219","","","None","113.203.193.145","tcp","1024","Nessus SYN scanner","It is possible to determine which TCP ports are open.","This plugin is a SYN 'half-open' port scanner.  It shall be reasonably
quick even against a firewalled target. 

Note that SYN scans are less intrusive than TCP (full connect) scans
against broken services, but they might cause problems for less robust
firewalls and also leave unclosed connections on the remote target, if
the network is loaded.","Protect your target with an IP filter.","","Port 1024/tcp was found to be open"
"11219","","","None","113.203.193.145","tcp","5554","Nessus SYN scanner","It is possible to determine which TCP ports are open.","This plugin is a SYN 'half-open' port scanner.  It shall be reasonably
quick even against a firewalled target. 

Note that SYN scans are less intrusive than TCP (full connect) scans
against broken services, but they might cause problems for less robust
firewalls and also leave unclosed connections on the remote target, if
the network is loaded.","Protect your target with an IP filter.","","Port 5554/tcp was found to be open"
"11219","","","None","113.203.193.145","tcp","5555","Nessus SYN scanner","It is possible to determine which TCP ports are open.","This plugin is a SYN 'half-open' port scanner.  It shall be reasonably
quick even against a firewalled target. 

Note that SYN scans are less intrusive than TCP (full connect) scans
against broken services, but they might cause problems for less robust
firewalls and also leave unclosed connections on the remote target, if
the network is loaded.","Protect your target with an IP filter.","","Port 5555/tcp was found to be open"
"19506","","","None","113.203.193.145","tcp","0","Nessus Scan Information","This plugin displays information about the Nessus scan.","This plugin displays, for each tested host, information about the
scan itself :

  - The version of the plugin set.
  - The type of scanner (Nessus or Nessus Home).
  - The version of the Nessus Engine.
  - The port scanner(s) used.
  - The port range scanned.
  - Whether credentialed or third-party patch management
    checks are possible.
  - The date of the scan.
  - The duration of the scan.
  - The number of hosts scanned in parallel.
  - The number of checks done in parallel.","n/a","","Information about this scan : 

Nessus version : 6.8.1
Plugin feed version : 201608181730
Scanner edition used : Nessus
Scan type : Normal
Scan policy used : Device Discovery Test
Scanner IP : 172.31.33.81
Port scanner(s) : nessus_syn_scanner 
Port range : default
Thorough tests : no
Experimental tests : no
Paranoia level : 1
Report verbosity : 1
Safe checks : yes
Optimize the test : yes
Credentialed checks : no
Patch management checks : None
CGI scanning : disabled
Web application tests : disabled
Max hosts : 100
Max checks : 5
Recv timeout : 5
Backports : None
Allow post-scan editing: Yes
Scan Start Date : 2016/8/19 1:17 
Scan duration : 2498 sec
"
"10114","CVE-1999-0524","","None","113.203.193.51","icmp","0","ICMP Timestamp Request Remote Date Disclosure","It is possible to determine the exact time set on the remote host.","The remote host answers to an ICMP timestamp request.  This allows an
attacker to know the date that is set on the targeted machine, which
may assist an unauthenticated, remote attacker in defeating time-based
authentication protocols.

Timestamps returned from machines running Windows Vista / 7 / 2008 /
2008 R2 are deliberately incorrect, but usually within 1000 seconds of
the actual system time.","Filter out the ICMP timestamp requests (13), and the outgoing ICMP
timestamp replies (14).","","The difference between the local and remote clocks is 149 seconds.
"
"11154","","","None","113.203.193.51","tcp","5554","Unknown Service Detection: Banner Retrieval","There is an unknown service running on the remote host.","Nessus was unable to identify a service on the remote host even though
it returned a banner of some type.","n/a","","
If you know what this service is and think the banner could be used to
identify it, please send a description of the service along with the
following output to svc-signatures@nessus.org :

  Port   : 5554
  Type   : spontaneous
  Banner : 
0x00:  00 00 00 0C 00 00 00 10 00 00 00 05 00 00 00 01    ................
           0x10:  00 00 00 0C 00 00 00 05 00 00 00 06 63 6D 61 00    ............cma.
           0x20:                                                                     
           
"
"11154","","","None","113.203.193.51","tcp","5555","Unknown Service Detection: Banner Retrieval","There is an unknown service running on the remote host.","Nessus was unable to identify a service on the remote host even though
it returned a banner of some type.","n/a","","
If you know what this service is and think the banner could be used to
identify it, please send a description of the service along with the
following output to svc-signatures@nessus.org :

  Port   : 5555
  Type   : spontaneous
  Banner : 
0x00:  00 00 00 0C 00 00 00 10 00 00 00 02 00 00 00 01    ................
           0x10:  00 00 00 0C 00 00 00 05 00 00 00 03 73 63 6D 00    ............scm.
           0x20:                                                                     
           
"
"11219","","","None","113.203.193.51","tcp","8080","Nessus SYN scanner","It is possible to determine which TCP ports are open.","This plugin is a SYN 'half-open' port scanner.  It shall be reasonably
quick even against a firewalled target. 

Note that SYN scans are less intrusive than TCP (full connect) scans
against broken services, but they might cause problems for less robust
firewalls and also leave unclosed connections on the remote target, if
the network is loaded.","Protect your target with an IP filter.","","Port 8080/tcp was found to be open"
"11219","","","None","113.203.193.51","tcp","1024","Nessus SYN scanner","It is possible to determine which TCP ports are open.","This plugin is a SYN 'half-open' port scanner.  It shall be reasonably
quick even against a firewalled target. 

Note that SYN scans are less intrusive than TCP (full connect) scans
against broken services, but they might cause problems for less robust
firewalls and also leave unclosed connections on the remote target, if
the network is loaded.","Protect your target with an IP filter.","","Port 1024/tcp was found to be open"
"11219","","","None","113.203.193.51","tcp","5554","Nessus SYN scanner","It is possible to determine which TCP ports are open.","This plugin is a SYN 'half-open' port scanner.  It shall be reasonably
quick even against a firewalled target. 

Note that SYN scans are less intrusive than TCP (full connect) scans
against broken services, but they might cause problems for less robust
firewalls and also leave unclosed connections on the remote target, if
the network is loaded.","Protect your target with an IP filter.","","Port 5554/tcp was found to be open"
"11219","","","None","113.203.193.51","tcp","5555","Nessus SYN scanner","It is possible to determine which TCP ports are open.","This plugin is a SYN 'half-open' port scanner.  It shall be reasonably
quick even against a firewalled target. 

Note that SYN scans are less intrusive than TCP (full connect) scans
against broken services, but they might cause problems for less robust
firewalls and also leave unclosed connections on the remote target, if
the network is loaded.","Protect your target with an IP filter.","","Port 5555/tcp was found to be open"
"11936","","","None","113.203.193.51","tcp","0","OS Identification","It is possible to guess the remote operating system.","Using a combination of remote probes (e.g., TCP/IP, SMB, HTTP, NTP,
SNMP, etc.), it is possible to guess the name of the remote operating
system in use. It is also possible sometimes to guess the version of
the operating system.","n/a","","
Remote operating system : Linux Kernel 2.4
Linux Kernel 2.6
Confidence level : 59
Method : SinFP

 
The remote host is running one of these operating systems : 
Linux Kernel 2.4
Linux Kernel 2.6"
"19506","","","None","113.203.193.51","tcp","0","Nessus Scan Information","This plugin displays information about the Nessus scan.","This plugin displays, for each tested host, information about the
scan itself :

  - The version of the plugin set.
  - The type of scanner (Nessus or Nessus Home).
  - The version of the Nessus Engine.
  - The port scanner(s) used.
  - The port range scanned.
  - Whether credentialed or third-party patch management
    checks are possible.
  - The date of the scan.
  - The duration of the scan.
  - The number of hosts scanned in parallel.
  - The number of checks done in parallel.","n/a","","Information about this scan : 

Nessus version : 6.8.1
Plugin feed version : 201608181730
Scanner edition used : Nessus
Scan type : Normal
Scan policy used : Device Discovery Test
Scanner IP : 172.31.33.81
Port scanner(s) : nessus_syn_scanner 
Port range : default
Thorough tests : no
Experimental tests : no
Paranoia level : 1
Report verbosity : 1
Safe checks : yes
Optimize the test : yes
Credentialed checks : no
Patch management checks : None
CGI scanning : disabled
Web application tests : disabled
Max hosts : 100
Max checks : 5
Recv timeout : 5
Backports : None
Allow post-scan editing: Yes
Scan Start Date : 2016/8/19 1:18 
Scan duration : 1997 sec
"
"22964","","","None","113.203.193.51","tcp","1024","Service Detection","The remote service could be identified.","Nessus was able to identify the remote service by its banner or by
looking at the error message it sends when it receives an HTTP
request.","n/a","","The service closed the connection without sending any data.
It might be protected by some sort of TCP wrapper."
"22964","","","None","113.203.193.51","tcp","8080","Service Detection","The remote service could be identified.","Nessus was able to identify the remote service by its banner or by
looking at the error message it sends when it receives an HTTP
request.","n/a","","The service closed the connection without sending any data.
It might be protected by some sort of TCP wrapper."
"25220","","","None","113.203.193.51","tcp","0","TCP/IP Timestamps Supported","The remote service implements TCP timestamps.","The remote host implements TCP timestamps, as defined by RFC1323.  A
side effect of this feature is that the uptime of the remote host can
sometimes be computed.","n/a","http://www.ietf.org/rfc/rfc1323.txt",""
"45590","","","None","113.203.193.51","tcp","0","Common Platform Enumeration (CPE)","It is possible to enumerate CPE names that matched on the remote
system.","By using information obtained from a Nessus scan, this plugin reports
CPE (Common Platform Enumeration) matches for various hardware and
software products found on a host. 

Note that if an official CPE is not available for the product, this
plugin computes the best possible CPE based on the information
available from the scan.","n/a","http://cpe.mitre.org/
https://nvd.nist.gov/cpe.cfm","
The remote operating system matched the following CPE's : 

  cpe:/o:linux:linux_kernel:2.4
  cpe:/o:linux:linux_kernel:2.6
"
"54615","","","None","113.203.193.51","tcp","0","Device Type","It is possible to guess the remote device type.","Based on the remote operating system, it is possible to determine
what the remote system type is (eg: a printer, router, general-purpose
computer, etc).","n/a","","Remote device type : general-purpose
Confidence level : 59
"
"10114","CVE-1999-0524","","None","113.203.194.10","icmp","0","ICMP Timestamp Request Remote Date Disclosure","It is possible to determine the exact time set on the remote host.","The remote host answers to an ICMP timestamp request.  This allows an
attacker to know the date that is set on the targeted machine, which
may assist an unauthenticated, remote attacker in defeating time-based
authentication protocols.

Timestamps returned from machines running Windows Vista / 7 / 2008 /
2008 R2 are deliberately incorrect, but usually within 1000 seconds of
the actual system time.","Filter out the ICMP timestamp requests (13), and the outgoing ICMP
timestamp replies (14).","","The difference between the local and remote clocks is 71 seconds.
"
"11154","","","None","113.203.194.10","tcp","5554","Unknown Service Detection: Banner Retrieval","There is an unknown service running on the remote host.","Nessus was unable to identify a service on the remote host even though
it returned a banner of some type.","n/a","","
If you know what this service is and think the banner could be used to
identify it, please send a description of the service along with the
following output to svc-signatures@nessus.org :

  Port   : 5554
  Type   : spontaneous
  Banner : 
0x00:  00 00 00 0C 00 00 00 10 00 00 00 03 00 00 00 01    ................
           0x10:  00 00 00 0C 00 00 00 05 00 00 00 04 63 6D 61 00    ............cma.
           0x20:                                                                     
           
"
"11154","","","None","113.203.194.10","tcp","5555","Unknown Service Detection: Banner Retrieval","There is an unknown service running on the remote host.","Nessus was unable to identify a service on the remote host even though
it returned a banner of some type.","n/a","","
If you know what this service is and think the banner could be used to
identify it, please send a description of the service along with the
following output to svc-signatures@nessus.org :

  Port   : 5555
  Type   : spontaneous
  Banner : 
0x00:  00 00 00 0C 00 00 00 10 00 00 00 02 00 00 00 01    ................
           0x10:  00 00 00 0C 00 00 00 05 00 00 00 03 73 63 6D 00    ............scm.
           0x20:                                                                     
           
"
"11219","","","None","113.203.194.10","tcp","8080","Nessus SYN scanner","It is possible to determine which TCP ports are open.","This plugin is a SYN 'half-open' port scanner.  It shall be reasonably
quick even against a firewalled target. 

Note that SYN scans are less intrusive than TCP (full connect) scans
against broken services, but they might cause problems for less robust
firewalls and also leave unclosed connections on the remote target, if
the network is loaded.","Protect your target with an IP filter.","","Port 8080/tcp was found to be open"
"11219","","","None","113.203.194.10","tcp","1024","Nessus SYN scanner","It is possible to determine which TCP ports are open.","This plugin is a SYN 'half-open' port scanner.  It shall be reasonably
quick even against a firewalled target. 

Note that SYN scans are less intrusive than TCP (full connect) scans
against broken services, but they might cause problems for less robust
firewalls and also leave unclosed connections on the remote target, if
the network is loaded.","Protect your target with an IP filter.","","Port 1024/tcp was found to be open"
"11219","","","None","113.203.194.10","tcp","5554","Nessus SYN scanner","It is possible to determine which TCP ports are open.","This plugin is a SYN 'half-open' port scanner.  It shall be reasonably
quick even against a firewalled target. 

Note that SYN scans are less intrusive than TCP (full connect) scans
against broken services, but they might cause problems for less robust
firewalls and also leave unclosed connections on the remote target, if
the network is loaded.","Protect your target with an IP filter.","","Port 5554/tcp was found to be open"
"11219","","","None","113.203.194.10","tcp","5555","Nessus SYN scanner","It is possible to determine which TCP ports are open.","This plugin is a SYN 'half-open' port scanner.  It shall be reasonably
quick even against a firewalled target. 

Note that SYN scans are less intrusive than TCP (full connect) scans
against broken services, but they might cause problems for less robust
firewalls and also leave unclosed connections on the remote target, if
the network is loaded.","Protect your target with an IP filter.","","Port 5555/tcp was found to be open"
"19506","","","None","113.203.194.10","tcp","0","Nessus Scan Information","This plugin displays information about the Nessus scan.","This plugin displays, for each tested host, information about the
scan itself :

  - The version of the plugin set.
  - The type of scanner (Nessus or Nessus Home).
  - The version of the Nessus Engine.
  - The port scanner(s) used.
  - The port range scanned.
  - Whether credentialed or third-party patch management
    checks are possible.
  - The date of the scan.
  - The duration of the scan.
  - The number of hosts scanned in parallel.
  - The number of checks done in parallel.","n/a","","Information about this scan : 

Nessus version : 6.8.1
Plugin feed version : 201608181730
Scanner edition used : Nessus
Scan type : Normal
Scan policy used : Device Discovery Test
Scanner IP : 172.31.33.81
Port scanner(s) : nessus_syn_scanner 
Port range : default
Thorough tests : no
Experimental tests : no
Paranoia level : 1
Report verbosity : 1
Safe checks : yes
Optimize the test : yes
Credentialed checks : no
Patch management checks : None
CGI scanning : disabled
Web application tests : disabled
Max hosts : 100
Max checks : 5
Recv timeout : 5
Backports : None
Allow post-scan editing: Yes
Scan Start Date : 2016/8/19 1:17 
Scan duration : 2395 sec
"
"22964","","","None","113.203.194.10","tcp","1024","Service Detection","The remote service could be identified.","Nessus was able to identify the remote service by its banner or by
looking at the error message it sends when it receives an HTTP
request.","n/a","","The service closed the connection without sending any data.
It might be protected by some sort of TCP wrapper."
"22964","","","None","113.203.194.10","tcp","8080","Service Detection","The remote service could be identified.","Nessus was able to identify the remote service by its banner or by
looking at the error message it sends when it receives an HTTP
request.","n/a","","The service closed the connection without sending any data.
It might be protected by some sort of TCP wrapper."
"10919","","","None","113.203.194.107","tcp","0","Open Port Re-check","Previously open ports are now closed.","One of several ports that were previously open are now closed or
unresponsive.

There are several possible reasons for this :

  - The scan may have caused a service to freeze or stop
    running.

  - An administrator may have stopped a particular service
    during the scanning process.

This might be an availability problem related to the following :

  - A network outage has been experienced during the scan,
    and the remote network cannot be reached anymore by the
    scanner.

  - This scanner may has been blacklisted by the system
    administrator or by an automatic intrusion detection /
    prevention system that detected the scan.

  - The remote host is now down, either because a user
    turned it off during the scan or because a select denial
    of service was effective.

In any case, the audit of the remote host might be incomplete and may
need to be done again.","- Increase checks_read_timeout and/or reduce max_checks.

- Disable any IPS during the Nessus scan","","Port 5554 was detected as being open but is now closed
Port 3479 was detected as being open but is now closed
Port 5555 was detected as being open but is now closed
"
"11219","","","None","113.203.194.107","tcp","8080","Nessus SYN scanner","It is possible to determine which TCP ports are open.","This plugin is a SYN 'half-open' port scanner.  It shall be reasonably
quick even against a firewalled target. 

Note that SYN scans are less intrusive than TCP (full connect) scans
against broken services, but they might cause problems for less robust
firewalls and also leave unclosed connections on the remote target, if
the network is loaded.","Protect your target with an IP filter.","","Port 8080/tcp was found to be open"
"11219","","","None","113.203.194.107","tcp","5554","Nessus SYN scanner","It is possible to determine which TCP ports are open.","This plugin is a SYN 'half-open' port scanner.  It shall be reasonably
quick even against a firewalled target. 

Note that SYN scans are less intrusive than TCP (full connect) scans
against broken services, but they might cause problems for less robust
firewalls and also leave unclosed connections on the remote target, if
the network is loaded.","Protect your target with an IP filter.","","Port 5554/tcp was found to be open"
"11219","","","None","113.203.194.107","tcp","5555","Nessus SYN scanner","It is possible to determine which TCP ports are open.","This plugin is a SYN 'half-open' port scanner.  It shall be reasonably
quick even against a firewalled target. 

Note that SYN scans are less intrusive than TCP (full connect) scans
against broken services, but they might cause problems for less robust
firewalls and also leave unclosed connections on the remote target, if
the network is loaded.","Protect your target with an IP filter.","","Port 5555/tcp was found to be open"
"11219","","","None","113.203.194.107","tcp","3479","Nessus SYN scanner","It is possible to determine which TCP ports are open.","This plugin is a SYN 'half-open' port scanner.  It shall be reasonably
quick even against a firewalled target. 

Note that SYN scans are less intrusive than TCP (full connect) scans
against broken services, but they might cause problems for less robust
firewalls and also leave unclosed connections on the remote target, if
the network is loaded.","Protect your target with an IP filter.","","Port 3479/tcp was found to be open"
"19506","","","None","113.203.194.107","tcp","0","Nessus Scan Information","This plugin displays information about the Nessus scan.","This plugin displays, for each tested host, information about the
scan itself :

  - The version of the plugin set.
  - The type of scanner (Nessus or Nessus Home).
  - The version of the Nessus Engine.
  - The port scanner(s) used.
  - The port range scanned.
  - Whether credentialed or third-party patch management
    checks are possible.
  - The date of the scan.
  - The duration of the scan.
  - The number of hosts scanned in parallel.
  - The number of checks done in parallel.","n/a","","Information about this scan : 

Nessus version : 6.8.1
Plugin feed version : 201608181730
Scanner edition used : Nessus
Scan type : Normal
Scan policy used : Device Discovery Test
Scanner IP : 172.31.33.81
Port scanner(s) : nessus_syn_scanner 
Port range : default
Thorough tests : no
Experimental tests : no
Paranoia level : 1
Report verbosity : 1
Safe checks : yes
Optimize the test : yes
Credentialed checks : no
Patch management checks : None
CGI scanning : disabled
Web application tests : disabled
Max hosts : 100
Max checks : 5
Recv timeout : 5
Backports : None
Allow post-scan editing: Yes
Scan Start Date : 2016/8/19 1:04 
Scan duration : 2676 sec
"
"10919","","","None","113.203.195.213","tcp","0","Open Port Re-check","Previously open ports are now closed.","One of several ports that were previously open are now closed or
unresponsive.

There are several possible reasons for this :

  - The scan may have caused a service to freeze or stop
    running.

  - An administrator may have stopped a particular service
    during the scanning process.

This might be an availability problem related to the following :

  - A network outage has been experienced during the scan,
    and the remote network cannot be reached anymore by the
    scanner.

  - This scanner may has been blacklisted by the system
    administrator or by an automatic intrusion detection /
    prevention system that detected the scan.

  - The remote host is now down, either because a user
    turned it off during the scan or because a select denial
    of service was effective.

In any case, the audit of the remote host might be incomplete and may
need to be done again.","- Increase checks_read_timeout and/or reduce max_checks.

- Disable any IPS during the Nessus scan","","Port 5554 was detected as being open but is now unresponsive
Port 1024 was detected as being open but is now unresponsive
Port 8080 was detected as being open but is now unresponsive
Port 5555 was detected as being open but is now unresponsive
"
"11219","","","None","113.203.195.213","tcp","8080","Nessus SYN scanner","It is possible to determine which TCP ports are open.","This plugin is a SYN 'half-open' port scanner.  It shall be reasonably
quick even against a firewalled target. 

Note that SYN scans are less intrusive than TCP (full connect) scans
against broken services, but they might cause problems for less robust
firewalls and also leave unclosed connections on the remote target, if
the network is loaded.","Protect your target with an IP filter.","","Port 8080/tcp was found to be open"
"11219","","","None","113.203.195.213","tcp","5554","Nessus SYN scanner","It is possible to determine which TCP ports are open.","This plugin is a SYN 'half-open' port scanner.  It shall be reasonably
quick even against a firewalled target. 

Note that SYN scans are less intrusive than TCP (full connect) scans
against broken services, but they might cause problems for less robust
firewalls and also leave unclosed connections on the remote target, if
the network is loaded.","Protect your target with an IP filter.","","Port 5554/tcp was found to be open"
"11219","","","None","113.203.195.213","tcp","1024","Nessus SYN scanner","It is possible to determine which TCP ports are open.","This plugin is a SYN 'half-open' port scanner.  It shall be reasonably
quick even against a firewalled target. 

Note that SYN scans are less intrusive than TCP (full connect) scans
against broken services, but they might cause problems for less robust
firewalls and also leave unclosed connections on the remote target, if
the network is loaded.","Protect your target with an IP filter.","","Port 1024/tcp was found to be open"
"11219","","","None","113.203.195.213","tcp","5555","Nessus SYN scanner","It is possible to determine which TCP ports are open.","This plugin is a SYN 'half-open' port scanner.  It shall be reasonably
quick even against a firewalled target. 

Note that SYN scans are less intrusive than TCP (full connect) scans
against broken services, but they might cause problems for less robust
firewalls and also leave unclosed connections on the remote target, if
the network is loaded.","Protect your target with an IP filter.","","Port 5555/tcp was found to be open"
"19506","","","None","113.203.195.213","tcp","0","Nessus Scan Information","This plugin displays information about the Nessus scan.","This plugin displays, for each tested host, information about the
scan itself :

  - The version of the plugin set.
  - The type of scanner (Nessus or Nessus Home).
  - The version of the Nessus Engine.
  - The port scanner(s) used.
  - The port range scanned.
  - Whether credentialed or third-party patch management
    checks are possible.
  - The date of the scan.
  - The duration of the scan.
  - The number of hosts scanned in parallel.
  - The number of checks done in parallel.","n/a","","Information about this scan : 

Nessus version : 6.8.1
Plugin feed version : 201608181730
Scanner edition used : Nessus
Scan type : Normal
Scan policy used : Device Discovery Test
Scanner IP : 172.31.33.81
Port scanner(s) : nessus_syn_scanner 
Port range : default
Thorough tests : no
Experimental tests : no
Paranoia level : 1
Report verbosity : 1
Safe checks : yes
Optimize the test : yes
Credentialed checks : no
Patch management checks : None
CGI scanning : disabled
Web application tests : disabled
Max hosts : 100
Max checks : 5
Recv timeout : 5
Backports : None
Allow post-scan editing: Yes
Scan Start Date : 2016/8/19 1:00 
Scan duration : 2356 sec
"
"25220","","","None","113.203.195.213","tcp","0","TCP/IP Timestamps Supported","The remote service implements TCP timestamps.","The remote host implements TCP timestamps, as defined by RFC1323.  A
side effect of this feature is that the uptime of the remote host can
sometimes be computed.","n/a","http://www.ietf.org/rfc/rfc1323.txt",""
"10092","","","None","113.203.196.253","tcp","21","FTP Server Detection","An FTP server is listening on a remote port.","It is possible to obtain the banner of the remote FTP server by
connecting to a remote port.","n/a","","
The remote FTP banner is :

220 HES_CPE FTP server (GNU inetutils 1.4.1) ready.
"
"10107","","","None","113.203.196.253","tcp","8080","HTTP Server Type and Version","A web server is running on the remote host.","This plugin attempts to determine the type and the version of the
remote web server.","n/a","","The remote web server type is :

httpd"
"10114","CVE-1999-0524","","None","113.203.196.253","icmp","0","ICMP Timestamp Request Remote Date Disclosure","It is possible to determine the exact time set on the remote host.","The remote host answers to an ICMP timestamp request.  This allows an
attacker to know the date that is set on the targeted machine, which
may assist an unauthenticated, remote attacker in defeating time-based
authentication protocols.

Timestamps returned from machines running Windows Vista / 7 / 2008 /
2008 R2 are deliberately incorrect, but usually within 1000 seconds of
the actual system time.","Filter out the ICMP timestamp requests (13), and the outgoing ICMP
timestamp replies (14).","","The difference between the local and remote clocks is -44409 seconds.
"
"10386","","","None","113.203.196.253","tcp","8080","Web Server No 404 Error Code Check","The remote web server does not return 404 error codes.","The remote web server is configured such that it does not return '404
Not Found' error codes when a nonexistent file is requested, perhaps
returning instead a site map, search page or authentication page.

Nessus has enabled some counter measures for this.  However, they
might be insufficient.  If a great number of security holes are
produced for this port, they might not all be accurate.","n/a","","

CGI scanning will be disabled for this host because the host responds
to requests for non-existent URLs with HTTP code 302
rather than 404. The requested URL was : 

    http://113.203.196.253:8080/fyTcA7fgx1uT.html
"
"10863","","","None","113.203.196.253","tcp","443","SSL Certificate Information","This plugin displays the SSL certificate.","This plugin connects to every SSL-related port and attempts to 
extract and dump the X.509 certificate.","n/a","","Subject Name: 

Common Name: MatrixSSL Sample Server Cert
Country: US
State/Province: WA
Locality: Bellevue
Organization: PeerSec Networks
Organization Unit: Test

Issuer Name: 

Common Name: MatrixSSL Sample Server CA
Country: US
State/Province: WA
Locality: Bellevue
Organization: Peersec Networks
Organization Unit: Test

Serial Number: 00 

Version: 3

Signature Algorithm: SHA-1 With RSA Encryption

Not Valid Before: Mar 13 08:13:34 2006 GMT
Not Valid After: Mar 13 08:13:34 2007 GMT

Public Key Info: 

Algorithm: RSA Encryption
Key Length: 1024 bits
Public Key: AC B2 45 C7 7E 95 57 1C A6 4A 03 67 7A 93 49 7C D4 36 5A 1E 
            91 52 87 B7 9F A6 1A 92 1B 4F 58 25 C7 46 F1 B0 34 1A FA 94 
            EA AD E5 B6 64 72 CA 8C D8 59 14 60 C0 1D 21 5D C3 4E F3 17 
            01 53 94 7F DA B4 62 CD BB A0 80 E7 CB FD 21 D8 3F 2F 55 E8 
            63 21 27 18 AC CA E6 C4 F5 0B B9 5B A8 BC 55 B8 AB E5 4C BB 
            EE 6F 32 9E D4 DB D8 F4 CC E1 DF 9F FC 5E EB CE D7 EC 38 F2 
            68 C7 75 F5 E0 9C 1E 21 
Exponent: 01 00 01 

Signature Length: 128 bytes / 1024 bits
Signature: 00 57 E9 1D 1A 2D 6F DA 82 4B A0 DB 39 7B 90 EC 6C B0 2C E2 
           DA 5E 79 0A 8E A8 1A 7A 3E F6 DE 17 93 62 0C 56 92 14 FE 06 
           AC F1 1C 27 41 18 C5 87 0D 4C D3 6C 96 A1 BC 58 12 1D F6 59 
           12 5D A2 66 3B 54 D0 77 9B BD D5 84 C5 FD D3 D7 CF FA 6F DD 
           E2 C8 49 37 00 77 E6 86 67 F0 96 4F 8E 69 3D 34 1F D9 1A FC 
           4A E9 99 34 5A DB 55 17 F2 95 BE EE 7F FD 1F 34 6D 2B 67 04 
           0E 1C 02 13 FB 17 25 2E 82 

Extension: Basic Constraints (2.5.29.19)
Critical: 1
CA: FALSE


Fingerprints : 

SHA-256 Fingerprint: 32 8A 74 3D 5C 80 FB 6F 00 E7 74 24 F7 11 18 51 2C 58 0F 04 
                     31 97 F3 3C 4C 37 EE E4 83 50 6B 77 
SHA-1 Fingerprint: E8 59 CA A4 EC 95 F1 51 94 6E D0 61 21 B4 9E 94 7F 7A AB 2E 
MD5 Fingerprint: 45 C2 7A 65 D2 78 D6 64 EA 9F FC C4 7D F1 13 AC 

"
"11153","","","None","113.203.196.253","tcp","2601","Service Detection (HELP Request)","The remote service could be identified.","It was possible to identify the remote service by its banner or by
looking at the error message it sends when it receives a 'HELP'
request.","n/a","","An unconfigured zebra daemon is running on this port."
"11219","","","None","113.203.196.253","tcp","443","Nessus SYN scanner","It is possible to determine which TCP ports are open.","This plugin is a SYN 'half-open' port scanner.  It shall be reasonably
quick even against a firewalled target. 

Note that SYN scans are less intrusive than TCP (full connect) scans
against broken services, but they might cause problems for less robust
firewalls and also leave unclosed connections on the remote target, if
the network is loaded.","Protect your target with an IP filter.","","Port 443/tcp was found to be open"
"11219","","","None","113.203.196.253","tcp","21","Nessus SYN scanner","It is possible to determine which TCP ports are open.","This plugin is a SYN 'half-open' port scanner.  It shall be reasonably
quick even against a firewalled target. 

Note that SYN scans are less intrusive than TCP (full connect) scans
against broken services, but they might cause problems for less robust
firewalls and also leave unclosed connections on the remote target, if
the network is loaded.","Protect your target with an IP filter.","","Port 21/tcp was found to be open"
"11219","","","None","113.203.196.253","tcp","9999","Nessus SYN scanner","It is possible to determine which TCP ports are open.","This plugin is a SYN 'half-open' port scanner.  It shall be reasonably
quick even against a firewalled target. 

Note that SYN scans are less intrusive than TCP (full connect) scans
against broken services, but they might cause problems for less robust
firewalls and also leave unclosed connections on the remote target, if
the network is loaded.","Protect your target with an IP filter.","","Port 9999/tcp was found to be open"
"11219","","","None","113.203.196.253","tcp","2601","Nessus SYN scanner","It is possible to determine which TCP ports are open.","This plugin is a SYN 'half-open' port scanner.  It shall be reasonably
quick even against a firewalled target. 

Note that SYN scans are less intrusive than TCP (full connect) scans
against broken services, but they might cause problems for less robust
firewalls and also leave unclosed connections on the remote target, if
the network is loaded.","Protect your target with an IP filter.","","Port 2601/tcp was found to be open"
"11219","","","None","113.203.196.253","tcp","8080","Nessus SYN scanner","It is possible to determine which TCP ports are open.","This plugin is a SYN 'half-open' port scanner.  It shall be reasonably
quick even against a firewalled target. 

Note that SYN scans are less intrusive than TCP (full connect) scans
against broken services, but they might cause problems for less robust
firewalls and also leave unclosed connections on the remote target, if
the network is loaded.","Protect your target with an IP filter.","","Port 8080/tcp was found to be open"
"11936","","","None","113.203.196.253","tcp","0","OS Identification","It is possible to guess the remote operating system.","Using a combination of remote probes (e.g., TCP/IP, SMB, HTTP, NTP,
SNMP, etc.), it is possible to guess the name of the remote operating
system in use. It is also possible sometimes to guess the version of
the operating system.","n/a","","
Remote operating system : KYOCERA Printer
Linux Kernel 2.6
Confidence level : 54
Method : SinFP

 
The remote host is running one of these operating systems : 
KYOCERA Printer
Linux Kernel 2.6"
"15901","","5.0","Medium","113.203.196.253","tcp","443","SSL Certificate Expiry","The remote server's SSL certificate has already expired.","This plugin checks expiry dates of certificates associated with SSL-
enabled services on the target and reports whether any have already
expired.","Purchase or generate a new SSL certificate to replace the existing
one.","","
The SSL certificate has already expired :

  Subject          : CN=MatrixSSL Sample Server Cert, C=US, ST=WA, L=Bellevue, O=PeerSec Networks, OU=Test
  Issuer           : CN=MatrixSSL Sample Server CA, C=US, ST=WA, L=Bellevue, O=Peersec Networks, OU=Test
  Not valid before : Mar 13 08:13:34 2006 GMT
  Not valid after  : Mar 13 08:13:34 2007 GMT
"
"19506","","","None","113.203.196.253","tcp","0","Nessus Scan Information","This plugin displays information about the Nessus scan.","This plugin displays, for each tested host, information about the
scan itself :

  - The version of the plugin set.
  - The type of scanner (Nessus or Nessus Home).
  - The version of the Nessus Engine.
  - The port scanner(s) used.
  - The port range scanned.
  - Whether credentialed or third-party patch management
    checks are possible.
  - The date of the scan.
  - The duration of the scan.
  - The number of hosts scanned in parallel.
  - The number of checks done in parallel.","n/a","","Information about this scan : 

Nessus version : 6.8.1
Plugin feed version : 201608181730
Scanner edition used : Nessus
Scan type : Normal
Scan policy used : Device Discovery Test
Scanner IP : 172.31.33.81
Port scanner(s) : nessus_syn_scanner 
Port range : default
Thorough tests : no
Experimental tests : no
Paranoia level : 1
Report verbosity : 1
Safe checks : yes
Optimize the test : yes
Credentialed checks : no
Patch management checks : None
CGI scanning : disabled
Web application tests : disabled
Max hosts : 100
Max checks : 5
Recv timeout : 5
Backports : None
Allow post-scan editing: Yes
Scan Start Date : 2016/8/19 0:59 
Scan duration : 3542 sec
"
"22964","","","None","113.203.196.253","tcp","443","Service Detection","The remote service could be identified.","Nessus was able to identify the remote service by its banner or by
looking at the error message it sends when it receives an HTTP
request.","n/a","","A TLSv1 server answered on this port.
"
"22964","","","None","113.203.196.253","tcp","21","Service Detection","The remote service could be identified.","Nessus was able to identify the remote service by its banner or by
looking at the error message it sends when it receives an HTTP
request.","n/a","","An FTP server is running on this port."
"22964","","","None","113.203.196.253","tcp","443","Service Detection","The remote service could be identified.","Nessus was able to identify the remote service by its banner or by
looking at the error message it sends when it receives an HTTP
request.","n/a","","A web server is running on this port through TLSv1."
"22964","","","None","113.203.196.253","tcp","8080","Service Detection","The remote service could be identified.","Nessus was able to identify the remote service by its banner or by
looking at the error message it sends when it receives an HTTP
request.","n/a","","A web server is running on this port."
"24260","","","None","113.203.196.253","tcp","8080","HyperText Transfer Protocol (HTTP) Information","Some information about the remote HTTP configuration can be extracted.","This test gives some information about the remote HTTP protocol - the
version used, whether HTTP Keep-Alive and HTTP pipelining are enabled,
etc... 

This test is informational only and does not denote any security
problem.","n/a","","
Protocol version : HTTP/1.1
SSL : no
Keep-Alive : no
Headers :

  Server: httpd
  Date: Sat, 03 May 2014 14:12:33 GMT
  Location: login.html?suc=1
  Content-Type: text/html; charset=utf-8
  Content-Length: 0
  Cache-Control: no-cache
  Pragma: no-cache
  Expires: 0
  Connection: close
  
"
"25220","","","None","113.203.196.253","tcp","0","TCP/IP Timestamps Supported","The remote service implements TCP timestamps.","The remote host implements TCP timestamps, as defined by RFC1323.  A
side effect of this feature is that the uptime of the remote host can
sometimes be computed.","n/a","http://www.ietf.org/rfc/rfc1323.txt",""
"45590","","","None","113.203.196.253","tcp","0","Common Platform Enumeration (CPE)","It is possible to enumerate CPE names that matched on the remote
system.","By using information obtained from a Nessus scan, this plugin reports
CPE (Common Platform Enumeration) matches for various hardware and
software products found on a host. 

Note that if an official CPE is not available for the product, this
plugin computes the best possible CPE based on the information
available from the scan.","n/a","http://cpe.mitre.org/
https://nvd.nist.gov/cpe.cfm","
The remote operating system matched the following CPE : 

  cpe:/o:linux:linux_kernel:2.6
"
"51192","","6.4","Medium","113.203.196.253","tcp","443","SSL Certificate Cannot Be Trusted","The SSL certificate for this service cannot be trusted.","The server's X.509 certificate does not have a signature from a known
public certificate authority.  This situation can occur in three
different ways, each of which results in a break in the chain below
which certificates cannot be trusted. 

First, the top of the certificate chain sent by the server might not
be descended from a known public certificate authority.  This can
occur either when the top of the chain is an unrecognized, self-signed
certificate, or when intermediate certificates are missing that would
connect the top of the certificate chain to a known public certificate
authority. 

Second, the certificate chain may contain a certificate that is not
valid at the time of the scan.  This can occur either when the scan
occurs before one of the certificate's 'notBefore' dates, or after one
of the certificate's 'notAfter' dates. 

Third, the certificate chain may contain a signature that either
didn't match the certificate's information, or could not be verified.  
Bad signatures can be fixed by getting the certificate with
the bad signature to be re-signed by its issuer.  Signatures that
could not be verified are the result of the certificate's issuer using
a signing algorithm that Nessus either does not support or does not
recognize. 

If the remote host is a public host in production, any break in the
chain makes it more difficult for users to verify the authenticity and 
identity of the web server. This could make it easier to carry out 
man-in-the-middle attacks against the remote host.","Purchase or generate a proper certificate for this service.","","
The following certificate was part of the certificate chain
sent by the remote host, but has expired :

|-Subject   : CN=MatrixSSL Sample Server Cert/C=US/ST=WA/L=Bellevue/O=PeerSec Networks/OU=Test
|-Not After : Mar 13 08:13:34 2007 GMT

The following certificate was at the top of the certificate
chain sent by the remote host, but is signed by an unknown
certificate authority :

|-Subject : CN=MatrixSSL Sample Server Cert/C=US/ST=WA/L=Bellevue/O=PeerSec Networks/OU=Test
|-Issuer  : CN=MatrixSSL Sample Server CA/C=US/ST=WA/L=Bellevue/O=Peersec Networks/OU=Test
"
"56984","","","None","113.203.196.253","tcp","443","SSL / TLS Versions Supported","The remote service encrypts communications.","This plugin detects which SSL and TLS versions are supported by the
remote service for encrypting communications.","n/a","","
This port supports SSLv2/SSLv3/TLSv1.0.
"
"69551","","","Low","113.203.196.253","tcp","443","SSL Certificate Chain Contains RSA Keys Less Than 2048 bits","The X.509 certificate chain used by this service contains certificates
with RSA keys shorter than 2048 bits.","At least one of the X.509 certificates sent by the remote host has a
key that is shorter than 2048 bits. According to industry standards
set by the Certification Authority/Browser (CA/B) Forum, certificates
issued after January 1, 2014 must be at least 2048 bits.

Some browser SSL implementations may reject keys less than 2048 bits
after January 1, 2014. Additionally, some SSL certificate vendors may
revoke certificates less than 2048 bits before January 1, 2014.

Note that Nessus will not flag root certificates with RSA keys less
than 2048 bits if they were issued prior to December 31, 2010, as the
standard considers them exempt.","Replace the certificate in the chain with the RSA key less than 2048
bits in length with a longer key, and reissue any certificates signed
by the old certificate.","https://www.cabforum.org/Baseline_Requirements_V1.pdf","
The following certificates were part of the certificate chain
sent by the remote host, but contain RSA keys that are considered
to be weak :

|-Subject        : CN=MatrixSSL Sample Server Cert/C=US/ST=WA/L=Bellevue/O=PeerSec Networks/OU=Test
|-RSA Key Length : 1024 bits
"
"10114","CVE-1999-0524","","None","113.203.197.146","icmp","0","ICMP Timestamp Request Remote Date Disclosure","It is possible to determine the exact time set on the remote host.","The remote host answers to an ICMP timestamp request.  This allows an
attacker to know the date that is set on the targeted machine, which
may assist an unauthenticated, remote attacker in defeating time-based
authentication protocols.

Timestamps returned from machines running Windows Vista / 7 / 2008 /
2008 R2 are deliberately incorrect, but usually within 1000 seconds of
the actual system time.","Filter out the ICMP timestamp requests (13), and the outgoing ICMP
timestamp replies (14).","","The difference between the local and remote clocks is 338 seconds.
"
"11154","","","None","113.203.197.146","tcp","5554","Unknown Service Detection: Banner Retrieval","There is an unknown service running on the remote host.","Nessus was unable to identify a service on the remote host even though
it returned a banner of some type.","n/a","","
If you know what this service is and think the banner could be used to
identify it, please send a description of the service along with the
following output to svc-signatures@nessus.org :

  Port   : 5554
  Type   : spontaneous
  Banner : 
0x00:  00 00 00 0C 00 00 00 10 00 00 00 0B 00 00 00 01    ................
           0x10:  00 00 00 0C 00 00 00 05 00 00 00 0C 63 6D 61 00    ............cma.
           0x20:                                                                     
           
"
"11154","","","None","113.203.197.146","tcp","5555","Unknown Service Detection: Banner Retrieval","There is an unknown service running on the remote host.","Nessus was unable to identify a service on the remote host even though
it returned a banner of some type.","n/a","","
If you know what this service is and think the banner could be used to
identify it, please send a description of the service along with the
following output to svc-signatures@nessus.org :

  Port   : 5555
  Type   : spontaneous
  Banner : 
0x00:  00 00 00 0C 00 00 00 10 00 00 00 06 00 00 00 01    ................
           0x10:  00 00 00 0C 00 00 00 05 00 00 00 07 73 63 6D 00    ............scm.
           0x20:                                                                     
           
"
"11219","","","None","113.203.197.146","tcp","8080","Nessus SYN scanner","It is possible to determine which TCP ports are open.","This plugin is a SYN 'half-open' port scanner.  It shall be reasonably
quick even against a firewalled target. 

Note that SYN scans are less intrusive than TCP (full connect) scans
against broken services, but they might cause problems for less robust
firewalls and also leave unclosed connections on the remote target, if
the network is loaded.","Protect your target with an IP filter.","","Port 8080/tcp was found to be open"
"11219","","","None","113.203.197.146","tcp","5554","Nessus SYN scanner","It is possible to determine which TCP ports are open.","This plugin is a SYN 'half-open' port scanner.  It shall be reasonably
quick even against a firewalled target. 

Note that SYN scans are less intrusive than TCP (full connect) scans
against broken services, but they might cause problems for less robust
firewalls and also leave unclosed connections on the remote target, if
the network is loaded.","Protect your target with an IP filter.","","Port 5554/tcp was found to be open"
"11219","","","None","113.203.197.146","tcp","5555","Nessus SYN scanner","It is possible to determine which TCP ports are open.","This plugin is a SYN 'half-open' port scanner.  It shall be reasonably
quick even against a firewalled target. 

Note that SYN scans are less intrusive than TCP (full connect) scans
against broken services, but they might cause problems for less robust
firewalls and also leave unclosed connections on the remote target, if
the network is loaded.","Protect your target with an IP filter.","","Port 5555/tcp was found to be open"
"11936","","","None","113.203.197.146","tcp","0","OS Identification","It is possible to guess the remote operating system.","Using a combination of remote probes (e.g., TCP/IP, SMB, HTTP, NTP,
SNMP, etc.), it is possible to guess the name of the remote operating
system in use. It is also possible sometimes to guess the version of
the operating system.","n/a","","
Remote operating system : Linux Kernel 2.4
Linux Kernel 2.6
Confidence level : 59
Method : SinFP

 
The remote host is running one of these operating systems : 
Linux Kernel 2.4
Linux Kernel 2.6"
"19506","","","None","113.203.197.146","tcp","0","Nessus Scan Information","This plugin displays information about the Nessus scan.","This plugin displays, for each tested host, information about the
scan itself :

  - The version of the plugin set.
  - The type of scanner (Nessus or Nessus Home).
  - The version of the Nessus Engine.
  - The port scanner(s) used.
  - The port range scanned.
  - Whether credentialed or third-party patch management
    checks are possible.
  - The date of the scan.
  - The duration of the scan.
  - The number of hosts scanned in parallel.
  - The number of checks done in parallel.","n/a","","Information about this scan : 

Nessus version : 6.8.1
Plugin feed version : 201608181730
Scanner edition used : Nessus
Scan type : Normal
Scan policy used : Device Discovery Test
Scanner IP : 172.31.33.81
Port scanner(s) : nessus_syn_scanner 
Port range : default
Thorough tests : no
Experimental tests : no
Paranoia level : 1
Report verbosity : 1
Safe checks : yes
Optimize the test : yes
Credentialed checks : no
Patch management checks : None
CGI scanning : disabled
Web application tests : disabled
Max hosts : 100
Max checks : 5
Recv timeout : 5
Backports : None
Allow post-scan editing: Yes
Scan Start Date : 2016/8/19 0:34 
Scan duration : 2657 sec
"
"22964","","","None","113.203.197.146","tcp","8080","Service Detection","The remote service could be identified.","Nessus was able to identify the remote service by its banner or by
looking at the error message it sends when it receives an HTTP
request.","n/a","","The service closed the connection without sending any data.
It might be protected by some sort of TCP wrapper."
"45590","","","None","113.203.197.146","tcp","0","Common Platform Enumeration (CPE)","It is possible to enumerate CPE names that matched on the remote
system.","By using information obtained from a Nessus scan, this plugin reports
CPE (Common Platform Enumeration) matches for various hardware and
software products found on a host. 

Note that if an official CPE is not available for the product, this
plugin computes the best possible CPE based on the information
available from the scan.","n/a","http://cpe.mitre.org/
https://nvd.nist.gov/cpe.cfm","
The remote operating system matched the following CPE's : 

  cpe:/o:linux:linux_kernel:2.4
  cpe:/o:linux:linux_kernel:2.6
"
"54615","","","None","113.203.197.146","tcp","0","Device Type","It is possible to guess the remote device type.","Based on the remote operating system, it is possible to determine
what the remote system type is (eg: a printer, router, general-purpose
computer, etc).","n/a","","Remote device type : general-purpose
Confidence level : 59
"
"10114","CVE-1999-0524","","None","113.203.197.48","icmp","0","ICMP Timestamp Request Remote Date Disclosure","It is possible to determine the exact time set on the remote host.","The remote host answers to an ICMP timestamp request.  This allows an
attacker to know the date that is set on the targeted machine, which
may assist an unauthenticated, remote attacker in defeating time-based
authentication protocols.

Timestamps returned from machines running Windows Vista / 7 / 2008 /
2008 R2 are deliberately incorrect, but usually within 1000 seconds of
the actual system time.","Filter out the ICMP timestamp requests (13), and the outgoing ICMP
timestamp replies (14).","","The difference between the local and remote clocks is 134 seconds.
"
"11219","","","None","113.203.197.48","tcp","8080","Nessus SYN scanner","It is possible to determine which TCP ports are open.","This plugin is a SYN 'half-open' port scanner.  It shall be reasonably
quick even against a firewalled target. 

Note that SYN scans are less intrusive than TCP (full connect) scans
against broken services, but they might cause problems for less robust
firewalls and also leave unclosed connections on the remote target, if
the network is loaded.","Protect your target with an IP filter.","","Port 8080/tcp was found to be open"
"11219","","","None","113.203.197.48","tcp","8888","Nessus SYN scanner","It is possible to determine which TCP ports are open.","This plugin is a SYN 'half-open' port scanner.  It shall be reasonably
quick even against a firewalled target. 

Note that SYN scans are less intrusive than TCP (full connect) scans
against broken services, but they might cause problems for less robust
firewalls and also leave unclosed connections on the remote target, if
the network is loaded.","Protect your target with an IP filter.","","Port 8888/tcp was found to be open"
"11936","","","None","113.203.197.48","tcp","0","OS Identification","It is possible to guess the remote operating system.","Using a combination of remote probes (e.g., TCP/IP, SMB, HTTP, NTP,
SNMP, etc.), it is possible to guess the name of the remote operating
system in use. It is also possible sometimes to guess the version of
the operating system.","n/a","","
Remote operating system : Dell PowerConnect Switch
Confidence level : 70
Method : SinFP

 
The remote host is running Dell PowerConnect Switch"
"19506","","","None","113.203.197.48","tcp","0","Nessus Scan Information","This plugin displays information about the Nessus scan.","This plugin displays, for each tested host, information about the
scan itself :

  - The version of the plugin set.
  - The type of scanner (Nessus or Nessus Home).
  - The version of the Nessus Engine.
  - The port scanner(s) used.
  - The port range scanned.
  - Whether credentialed or third-party patch management
    checks are possible.
  - The date of the scan.
  - The duration of the scan.
  - The number of hosts scanned in parallel.
  - The number of checks done in parallel.","n/a","","Information about this scan : 

Nessus version : 6.8.1
Plugin feed version : 201608181730
Scanner edition used : Nessus
Scan type : Normal
Scan policy used : Device Discovery Test
Scanner IP : 172.31.33.81
Port scanner(s) : nessus_syn_scanner 
Port range : default
Thorough tests : no
Experimental tests : no
Paranoia level : 1
Report verbosity : 1
Safe checks : yes
Optimize the test : yes
Credentialed checks : no
Patch management checks : None
CGI scanning : disabled
Web application tests : disabled
Max hosts : 100
Max checks : 5
Recv timeout : 5
Backports : None
Allow post-scan editing: Yes
Scan Start Date : 2016/8/19 0:58 
Scan duration : 3476 sec
"
"22964","","","None","113.203.197.48","tcp","8080","Service Detection","The remote service could be identified.","Nessus was able to identify the remote service by its banner or by
looking at the error message it sends when it receives an HTTP
request.","n/a","","The service closed the connection without sending any data.
It might be protected by some sort of TCP wrapper."
"22964","","","None","113.203.197.48","tcp","8888","Service Detection","The remote service could be identified.","Nessus was able to identify the remote service by its banner or by
looking at the error message it sends when it receives an HTTP
request.","n/a","","The service closed the connection without sending any data.
It might be protected by some sort of TCP wrapper."
"54615","","","None","113.203.197.48","tcp","0","Device Type","It is possible to guess the remote device type.","Based on the remote operating system, it is possible to determine
what the remote system type is (eg: a printer, router, general-purpose
computer, etc).","n/a","","Remote device type : switch
Confidence level : 70
"
"10114","CVE-1999-0524","","None","113.203.197.86","icmp","0","ICMP Timestamp Request Remote Date Disclosure","It is possible to determine the exact time set on the remote host.","The remote host answers to an ICMP timestamp request.  This allows an
attacker to know the date that is set on the targeted machine, which
may assist an unauthenticated, remote attacker in defeating time-based
authentication protocols.

Timestamps returned from machines running Windows Vista / 7 / 2008 /
2008 R2 are deliberately incorrect, but usually within 1000 seconds of
the actual system time.","Filter out the ICMP timestamp requests (13), and the outgoing ICMP
timestamp replies (14).","","The difference between the local and remote clocks is -13066 seconds.
"
"11219","","","None","113.203.197.86","tcp","8080","Nessus SYN scanner","It is possible to determine which TCP ports are open.","This plugin is a SYN 'half-open' port scanner.  It shall be reasonably
quick even against a firewalled target. 

Note that SYN scans are less intrusive than TCP (full connect) scans
against broken services, but they might cause problems for less robust
firewalls and also leave unclosed connections on the remote target, if
the network is loaded.","Protect your target with an IP filter.","","Port 8080/tcp was found to be open"
"11219","","","None","113.203.197.86","tcp","8888","Nessus SYN scanner","It is possible to determine which TCP ports are open.","This plugin is a SYN 'half-open' port scanner.  It shall be reasonably
quick even against a firewalled target. 

Note that SYN scans are less intrusive than TCP (full connect) scans
against broken services, but they might cause problems for less robust
firewalls and also leave unclosed connections on the remote target, if
the network is loaded.","Protect your target with an IP filter.","","Port 8888/tcp was found to be open"
"11936","","","None","113.203.197.86","tcp","0","OS Identification","It is possible to guess the remote operating system.","Using a combination of remote probes (e.g., TCP/IP, SMB, HTTP, NTP,
SNMP, etc.), it is possible to guess the name of the remote operating
system in use. It is also possible sometimes to guess the version of
the operating system.","n/a","","
Remote operating system : Dell PowerConnect Switch
Confidence level : 70
Method : SinFP

 
The remote host is running Dell PowerConnect Switch"
"19506","","","None","113.203.197.86","tcp","0","Nessus Scan Information","This plugin displays information about the Nessus scan.","This plugin displays, for each tested host, information about the
scan itself :

  - The version of the plugin set.
  - The type of scanner (Nessus or Nessus Home).
  - The version of the Nessus Engine.
  - The port scanner(s) used.
  - The port range scanned.
  - Whether credentialed or third-party patch management
    checks are possible.
  - The date of the scan.
  - The duration of the scan.
  - The number of hosts scanned in parallel.
  - The number of checks done in parallel.","n/a","","Information about this scan : 

Nessus version : 6.8.1
Plugin feed version : 201608181730
Scanner edition used : Nessus
Scan type : Normal
Scan policy used : Device Discovery Test
Scanner IP : 172.31.33.81
Port scanner(s) : nessus_syn_scanner 
Port range : default
Thorough tests : no
Experimental tests : no
Paranoia level : 1
Report verbosity : 1
Safe checks : yes
Optimize the test : yes
Credentialed checks : no
Patch management checks : None
CGI scanning : disabled
Web application tests : disabled
Max hosts : 100
Max checks : 5
Recv timeout : 5
Backports : None
Allow post-scan editing: Yes
Scan Start Date : 2016/8/19 0:49 
Scan duration : 1647 sec
"
"22964","","","None","113.203.197.86","tcp","8080","Service Detection","The remote service could be identified.","Nessus was able to identify the remote service by its banner or by
looking at the error message it sends when it receives an HTTP
request.","n/a","","The service closed the connection without sending any data.
It might be protected by some sort of TCP wrapper."
"22964","","","None","113.203.197.86","tcp","8888","Service Detection","The remote service could be identified.","Nessus was able to identify the remote service by its banner or by
looking at the error message it sends when it receives an HTTP
request.","n/a","","The service closed the connection without sending any data.
It might be protected by some sort of TCP wrapper."
"54615","","","None","113.203.197.86","tcp","0","Device Type","It is possible to guess the remote device type.","Based on the remote operating system, it is possible to determine
what the remote system type is (eg: a printer, router, general-purpose
computer, etc).","n/a","","Remote device type : switch
Confidence level : 70
"
"10114","CVE-1999-0524","","None","113.203.198.230","icmp","0","ICMP Timestamp Request Remote Date Disclosure","It is possible to determine the exact time set on the remote host.","The remote host answers to an ICMP timestamp request.  This allows an
attacker to know the date that is set on the targeted machine, which
may assist an unauthenticated, remote attacker in defeating time-based
authentication protocols.

Timestamps returned from machines running Windows Vista / 7 / 2008 /
2008 R2 are deliberately incorrect, but usually within 1000 seconds of
the actual system time.","Filter out the ICMP timestamp requests (13), and the outgoing ICMP
timestamp replies (14).","","The difference between the local and remote clocks is -13041 seconds.
"
"11219","","","None","113.203.198.230","tcp","8080","Nessus SYN scanner","It is possible to determine which TCP ports are open.","This plugin is a SYN 'half-open' port scanner.  It shall be reasonably
quick even against a firewalled target. 

Note that SYN scans are less intrusive than TCP (full connect) scans
against broken services, but they might cause problems for less robust
firewalls and also leave unclosed connections on the remote target, if
the network is loaded.","Protect your target with an IP filter.","","Port 8080/tcp was found to be open"
"11219","","","None","113.203.198.230","tcp","8888","Nessus SYN scanner","It is possible to determine which TCP ports are open.","This plugin is a SYN 'half-open' port scanner.  It shall be reasonably
quick even against a firewalled target. 

Note that SYN scans are less intrusive than TCP (full connect) scans
against broken services, but they might cause problems for less robust
firewalls and also leave unclosed connections on the remote target, if
the network is loaded.","Protect your target with an IP filter.","","Port 8888/tcp was found to be open"
"11936","","","None","113.203.198.230","tcp","0","OS Identification","It is possible to guess the remote operating system.","Using a combination of remote probes (e.g., TCP/IP, SMB, HTTP, NTP,
SNMP, etc.), it is possible to guess the name of the remote operating
system in use. It is also possible sometimes to guess the version of
the operating system.","n/a","","
Remote operating system : Dell PowerConnect Switch
Confidence level : 70
Method : SinFP

 
The remote host is running Dell PowerConnect Switch"
"19506","","","None","113.203.198.230","tcp","0","Nessus Scan Information","This plugin displays information about the Nessus scan.","This plugin displays, for each tested host, information about the
scan itself :

  - The version of the plugin set.
  - The type of scanner (Nessus or Nessus Home).
  - The version of the Nessus Engine.
  - The port scanner(s) used.
  - The port range scanned.
  - Whether credentialed or third-party patch management
    checks are possible.
  - The date of the scan.
  - The duration of the scan.
  - The number of hosts scanned in parallel.
  - The number of checks done in parallel.","n/a","","Information about this scan : 

Nessus version : 6.8.1
Plugin feed version : 201608181730
Scanner edition used : Nessus
Scan type : Normal
Scan policy used : Device Discovery Test
Scanner IP : 172.31.33.81
Port scanner(s) : nessus_syn_scanner 
Port range : default
Thorough tests : no
Experimental tests : no
Paranoia level : 1
Report verbosity : 1
Safe checks : yes
Optimize the test : yes
Credentialed checks : no
Patch management checks : None
CGI scanning : disabled
Web application tests : disabled
Max hosts : 100
Max checks : 5
Recv timeout : 5
Backports : None
Allow post-scan editing: Yes
Scan Start Date : 2016/8/19 0:34 
Scan duration : 1581 sec
"
"22964","","","None","113.203.198.230","tcp","8888","Service Detection","The remote service could be identified.","Nessus was able to identify the remote service by its banner or by
looking at the error message it sends when it receives an HTTP
request.","n/a","","The service closed the connection without sending any data.
It might be protected by some sort of TCP wrapper."
"54615","","","None","113.203.198.230","tcp","0","Device Type","It is possible to guess the remote device type.","Based on the remote operating system, it is possible to determine
what the remote system type is (eg: a printer, router, general-purpose
computer, etc).","n/a","","Remote device type : switch
Confidence level : 70
"
"10114","CVE-1999-0524","","None","113.203.199.133","icmp","0","ICMP Timestamp Request Remote Date Disclosure","It is possible to determine the exact time set on the remote host.","The remote host answers to an ICMP timestamp request.  This allows an
attacker to know the date that is set on the targeted machine, which
may assist an unauthenticated, remote attacker in defeating time-based
authentication protocols.

Timestamps returned from machines running Windows Vista / 7 / 2008 /
2008 R2 are deliberately incorrect, but usually within 1000 seconds of
the actual system time.","Filter out the ICMP timestamp requests (13), and the outgoing ICMP
timestamp replies (14).","","This host returns invalid timestamps (bigger than 24 hours)."
"11219","","","None","113.203.199.133","tcp","8080","Nessus SYN scanner","It is possible to determine which TCP ports are open.","This plugin is a SYN 'half-open' port scanner.  It shall be reasonably
quick even against a firewalled target. 

Note that SYN scans are less intrusive than TCP (full connect) scans
against broken services, but they might cause problems for less robust
firewalls and also leave unclosed connections on the remote target, if
the network is loaded.","Protect your target with an IP filter.","","Port 8080/tcp was found to be open"
"11219","","","None","113.203.199.133","tcp","8888","Nessus SYN scanner","It is possible to determine which TCP ports are open.","This plugin is a SYN 'half-open' port scanner.  It shall be reasonably
quick even against a firewalled target. 

Note that SYN scans are less intrusive than TCP (full connect) scans
against broken services, but they might cause problems for less robust
firewalls and also leave unclosed connections on the remote target, if
the network is loaded.","Protect your target with an IP filter.","","Port 8888/tcp was found to be open"
"11936","","","None","113.203.199.133","tcp","0","OS Identification","It is possible to guess the remote operating system.","Using a combination of remote probes (e.g., TCP/IP, SMB, HTTP, NTP,
SNMP, etc.), it is possible to guess the name of the remote operating
system in use. It is also possible sometimes to guess the version of
the operating system.","n/a","","
Remote operating system : Dell PowerConnect Switch
Confidence level : 70
Method : SinFP

 
The remote host is running Dell PowerConnect Switch"
"19506","","","None","113.203.199.133","tcp","0","Nessus Scan Information","This plugin displays information about the Nessus scan.","This plugin displays, for each tested host, information about the
scan itself :

  - The version of the plugin set.
  - The type of scanner (Nessus or Nessus Home).
  - The version of the Nessus Engine.
  - The port scanner(s) used.
  - The port range scanned.
  - Whether credentialed or third-party patch management
    checks are possible.
  - The date of the scan.
  - The duration of the scan.
  - The number of hosts scanned in parallel.
  - The number of checks done in parallel.","n/a","","Information about this scan : 

Nessus version : 6.8.1
Plugin feed version : 201608181730
Scanner edition used : Nessus
Scan type : Normal
Scan policy used : Device Discovery Test
Scanner IP : 172.31.33.81
Port scanner(s) : nessus_syn_scanner 
Port range : default
Thorough tests : no
Experimental tests : no
Paranoia level : 1
Report verbosity : 1
Safe checks : yes
Optimize the test : yes
Credentialed checks : no
Patch management checks : None
CGI scanning : disabled
Web application tests : disabled
Max hosts : 100
Max checks : 5
Recv timeout : 5
Backports : None
Allow post-scan editing: Yes
Scan Start Date : 2016/8/19 0:33 
Scan duration : 1532 sec
"
"22964","","","None","113.203.199.133","tcp","8888","Service Detection","The remote service could be identified.","Nessus was able to identify the remote service by its banner or by
looking at the error message it sends when it receives an HTTP
request.","n/a","","The service closed the connection without sending any data.
It might be protected by some sort of TCP wrapper."
"54615","","","None","113.203.199.133","tcp","0","Device Type","It is possible to guess the remote device type.","Based on the remote operating system, it is possible to determine
what the remote system type is (eg: a printer, router, general-purpose
computer, etc).","n/a","","Remote device type : switch
Confidence level : 70
"
"10114","CVE-1999-0524","","None","113.203.199.211","icmp","0","ICMP Timestamp Request Remote Date Disclosure","It is possible to determine the exact time set on the remote host.","The remote host answers to an ICMP timestamp request.  This allows an
attacker to know the date that is set on the targeted machine, which
may assist an unauthenticated, remote attacker in defeating time-based
authentication protocols.

Timestamps returned from machines running Windows Vista / 7 / 2008 /
2008 R2 are deliberately incorrect, but usually within 1000 seconds of
the actual system time.","Filter out the ICMP timestamp requests (13), and the outgoing ICMP
timestamp replies (14).","","The difference between the local and remote clocks is 355 seconds.
"
"11154","","","None","113.203.199.211","tcp","5554","Unknown Service Detection: Banner Retrieval","There is an unknown service running on the remote host.","Nessus was unable to identify a service on the remote host even though
it returned a banner of some type.","n/a","","
If you know what this service is and think the banner could be used to
identify it, please send a description of the service along with the
following output to svc-signatures@nessus.org :

  Port   : 5554
  Type   : spontaneous
  Banner : 
0x00:  00 00 00 0C 00 00 00 10 00 00 00 0B 00 00 00 01    ................
           0x10:  00 00 00 0C 00 00 00 05 00 00 00 0C 63 6D 61 00    ............cma.
           0x20:                                                                     
           
"
"11154","","","None","113.203.199.211","tcp","5555","Unknown Service Detection: Banner Retrieval","There is an unknown service running on the remote host.","Nessus was unable to identify a service on the remote host even though
it returned a banner of some type.","n/a","","
If you know what this service is and think the banner could be used to
identify it, please send a description of the service along with the
following output to svc-signatures@nessus.org :

  Port   : 5555
  Type   : spontaneous
  Banner : 
0x00:  00 00 00 0C 00 00 00 10 00 00 00 0A 00 00 00 01    ................
           0x10:  00 00 00 0C 00 00 00 05 00 00 00 0B 73 63 6D 00    ............scm.
           0x20:                                                                     
           
"
"11219","","","None","113.203.199.211","tcp","8080","Nessus SYN scanner","It is possible to determine which TCP ports are open.","This plugin is a SYN 'half-open' port scanner.  It shall be reasonably
quick even against a firewalled target. 

Note that SYN scans are less intrusive than TCP (full connect) scans
against broken services, but they might cause problems for less robust
firewalls and also leave unclosed connections on the remote target, if
the network is loaded.","Protect your target with an IP filter.","","Port 8080/tcp was found to be open"
"11219","","","None","113.203.199.211","tcp","5554","Nessus SYN scanner","It is possible to determine which TCP ports are open.","This plugin is a SYN 'half-open' port scanner.  It shall be reasonably
quick even against a firewalled target. 

Note that SYN scans are less intrusive than TCP (full connect) scans
against broken services, but they might cause problems for less robust
firewalls and also leave unclosed connections on the remote target, if
the network is loaded.","Protect your target with an IP filter.","","Port 5554/tcp was found to be open"
"11219","","","None","113.203.199.211","tcp","5555","Nessus SYN scanner","It is possible to determine which TCP ports are open.","This plugin is a SYN 'half-open' port scanner.  It shall be reasonably
quick even against a firewalled target. 

Note that SYN scans are less intrusive than TCP (full connect) scans
against broken services, but they might cause problems for less robust
firewalls and also leave unclosed connections on the remote target, if
the network is loaded.","Protect your target with an IP filter.","","Port 5555/tcp was found to be open"
"11936","","","None","113.203.199.211","tcp","0","OS Identification","It is possible to guess the remote operating system.","Using a combination of remote probes (e.g., TCP/IP, SMB, HTTP, NTP,
SNMP, etc.), it is possible to guess the name of the remote operating
system in use. It is also possible sometimes to guess the version of
the operating system.","n/a","","
Remote operating system : Linux Kernel 2.4
Linux Kernel 2.6
Confidence level : 59
Method : SinFP

 
The remote host is running one of these operating systems : 
Linux Kernel 2.4
Linux Kernel 2.6"
"19506","","","None","113.203.199.211","tcp","0","Nessus Scan Information","This plugin displays information about the Nessus scan.","This plugin displays, for each tested host, information about the
scan itself :

  - The version of the plugin set.
  - The type of scanner (Nessus or Nessus Home).
  - The version of the Nessus Engine.
  - The port scanner(s) used.
  - The port range scanned.
  - Whether credentialed or third-party patch management
    checks are possible.
  - The date of the scan.
  - The duration of the scan.
  - The number of hosts scanned in parallel.
  - The number of checks done in parallel.","n/a","","Information about this scan : 

Nessus version : 6.8.1
Plugin feed version : 201608181730
Scanner edition used : Nessus
Scan type : Normal
Scan policy used : Device Discovery Test
Scanner IP : 172.31.33.81
Port scanner(s) : nessus_syn_scanner 
Port range : default
Thorough tests : no
Experimental tests : no
Paranoia level : 1
Report verbosity : 1
Safe checks : yes
Optimize the test : yes
Credentialed checks : no
Patch management checks : None
CGI scanning : disabled
Web application tests : disabled
Max hosts : 100
Max checks : 5
Recv timeout : 5
Backports : None
Allow post-scan editing: Yes
Scan Start Date : 2016/8/19 0:33 
Scan duration : 1526 sec
"
"22964","","","None","113.203.199.211","tcp","8080","Service Detection","The remote service could be identified.","Nessus was able to identify the remote service by its banner or by
looking at the error message it sends when it receives an HTTP
request.","n/a","","The service closed the connection without sending any data.
It might be protected by some sort of TCP wrapper."
"25220","","","None","113.203.199.211","tcp","0","TCP/IP Timestamps Supported","The remote service implements TCP timestamps.","The remote host implements TCP timestamps, as defined by RFC1323.  A
side effect of this feature is that the uptime of the remote host can
sometimes be computed.","n/a","http://www.ietf.org/rfc/rfc1323.txt",""
"45590","","","None","113.203.199.211","tcp","0","Common Platform Enumeration (CPE)","It is possible to enumerate CPE names that matched on the remote
system.","By using information obtained from a Nessus scan, this plugin reports
CPE (Common Platform Enumeration) matches for various hardware and
software products found on a host. 

Note that if an official CPE is not available for the product, this
plugin computes the best possible CPE based on the information
available from the scan.","n/a","http://cpe.mitre.org/
https://nvd.nist.gov/cpe.cfm","
The remote operating system matched the following CPE's : 

  cpe:/o:linux:linux_kernel:2.4
  cpe:/o:linux:linux_kernel:2.6
"
"54615","","","None","113.203.199.211","tcp","0","Device Type","It is possible to guess the remote device type.","Based on the remote operating system, it is possible to determine
what the remote system type is (eg: a printer, router, general-purpose
computer, etc).","n/a","","Remote device type : general-purpose
Confidence level : 59
"
"10114","CVE-1999-0524","","None","113.203.201.90","icmp","0","ICMP Timestamp Request Remote Date Disclosure","It is possible to determine the exact time set on the remote host.","The remote host answers to an ICMP timestamp request.  This allows an
attacker to know the date that is set on the targeted machine, which
may assist an unauthenticated, remote attacker in defeating time-based
authentication protocols.

Timestamps returned from machines running Windows Vista / 7 / 2008 /
2008 R2 are deliberately incorrect, but usually within 1000 seconds of
the actual system time.","Filter out the ICMP timestamp requests (13), and the outgoing ICMP
timestamp replies (14).","","The difference between the local and remote clocks is -22363 seconds.
"
"11219","","","None","113.203.201.90","tcp","8080","Nessus SYN scanner","It is possible to determine which TCP ports are open.","This plugin is a SYN 'half-open' port scanner.  It shall be reasonably
quick even against a firewalled target. 

Note that SYN scans are less intrusive than TCP (full connect) scans
against broken services, but they might cause problems for less robust
firewalls and also leave unclosed connections on the remote target, if
the network is loaded.","Protect your target with an IP filter.","","Port 8080/tcp was found to be open"
"11219","","","None","113.203.201.90","tcp","8888","Nessus SYN scanner","It is possible to determine which TCP ports are open.","This plugin is a SYN 'half-open' port scanner.  It shall be reasonably
quick even against a firewalled target. 

Note that SYN scans are less intrusive than TCP (full connect) scans
against broken services, but they might cause problems for less robust
firewalls and also leave unclosed connections on the remote target, if
the network is loaded.","Protect your target with an IP filter.","","Port 8888/tcp was found to be open"
"19506","","","None","113.203.201.90","tcp","0","Nessus Scan Information","This plugin displays information about the Nessus scan.","This plugin displays, for each tested host, information about the
scan itself :

  - The version of the plugin set.
  - The type of scanner (Nessus or Nessus Home).
  - The version of the Nessus Engine.
  - The port scanner(s) used.
  - The port range scanned.
  - Whether credentialed or third-party patch management
    checks are possible.
  - The date of the scan.
  - The duration of the scan.
  - The number of hosts scanned in parallel.
  - The number of checks done in parallel.","n/a","","Information about this scan : 

Nessus version : 6.8.1
Plugin feed version : 201608181730
Scanner edition used : Nessus
Scan type : Normal
Scan policy used : Device Discovery Test
Scanner IP : 172.31.33.81
Port scanner(s) : nessus_syn_scanner 
Port range : default
Thorough tests : no
Experimental tests : no
Paranoia level : 1
Report verbosity : 1
Safe checks : yes
Optimize the test : yes
Credentialed checks : no
Patch management checks : None
CGI scanning : disabled
Web application tests : disabled
Max hosts : 100
Max checks : 5
Recv timeout : 5
Backports : None
Allow post-scan editing: Yes
Scan Start Date : 2016/8/19 0:33 
Scan duration : 1827 sec
"
"22964","","","None","113.203.201.90","tcp","8888","Service Detection","The remote service could be identified.","Nessus was able to identify the remote service by its banner or by
looking at the error message it sends when it receives an HTTP
request.","n/a","","The service closed the connection without sending any data.
It might be protected by some sort of TCP wrapper."
