Plugin ID,CVE,CVSS,Risk,Host,Protocol,Port,Name,Synopsis,Description,Solution,See Also,Plugin Output
"10114","CVE-1999-0524","","None","113.203.158.100","icmp","0","ICMP Timestamp Request Remote Date Disclosure","It is possible to determine the exact time set on the remote host.","The remote host answers to an ICMP timestamp request.  This allows an
attacker to know the date that is set on the targeted machine, which
may assist an unauthenticated, remote attacker in defeating time-based
authentication protocols.

Timestamps returned from machines running Windows Vista / 7 / 2008 /
2008 R2 are deliberately incorrect, but usually within 1000 seconds of
the actual system time.","Filter out the ICMP timestamp requests (13), and the outgoing ICMP
timestamp replies (14).","","This host returns invalid timestamps (bigger than 24 hours)."
"11219","","","None","113.203.158.100","tcp","8888","Nessus SYN scanner","It is possible to determine which TCP ports are open.","This plugin is a SYN 'half-open' port scanner.  It shall be reasonably
quick even against a firewalled target. 

Note that SYN scans are less intrusive than TCP (full connect) scans
against broken services, but they might cause problems for less robust
firewalls and also leave unclosed connections on the remote target, if
the network is loaded.","Protect your target with an IP filter.","","Port 8888/tcp was found to be open"
"11936","","","None","113.203.158.100","tcp","0","OS Identification","It is possible to guess the remote operating system.","Using a combination of remote probes (e.g., TCP/IP, SMB, HTTP, NTP,
SNMP, etc.), it is possible to guess the name of the remote operating
system in use. It is also possible sometimes to guess the version of
the operating system.","n/a","","
Remote operating system : Dell PowerConnect Switch
Confidence level : 70
Method : SinFP

 
The remote host is running Dell PowerConnect Switch"
"19506","","","None","113.203.158.100","tcp","0","Nessus Scan Information","This plugin displays information about the Nessus scan.","This plugin displays, for each tested host, information about the
scan itself :

  - The version of the plugin set.
  - The type of scanner (Nessus or Nessus Home).
  - The version of the Nessus Engine.
  - The port scanner(s) used.
  - The port range scanned.
  - Whether credentialed or third-party patch management
    checks are possible.
  - The date of the scan.
  - The duration of the scan.
  - The number of hosts scanned in parallel.
  - The number of checks done in parallel.","n/a","","Information about this scan : 

Nessus version : 6.8.1
Plugin feed version : 201608181730
Scanner edition used : Nessus
Scan type : Normal
Scan policy used : Device Discovery Test
Scanner IP : 172.31.33.81
Port scanner(s) : nessus_syn_scanner 
Port range : default
Thorough tests : no
Experimental tests : no
Paranoia level : 1
Report verbosity : 1
Safe checks : yes
Optimize the test : yes
Credentialed checks : no
Patch management checks : None
CGI scanning : disabled
Web application tests : disabled
Max hosts : 100
Max checks : 5
Recv timeout : 5
Backports : None
Allow post-scan editing: Yes
Scan Start Date : 2016/8/19 2:02 
Scan duration : 1924 sec
"
"22964","","","None","113.203.158.100","tcp","8888","Service Detection","The remote service could be identified.","Nessus was able to identify the remote service by its banner or by
looking at the error message it sends when it receives an HTTP
request.","n/a","","The service closed the connection without sending any data.
It might be protected by some sort of TCP wrapper."
"54615","","","None","113.203.158.100","tcp","0","Device Type","It is possible to guess the remote device type.","Based on the remote operating system, it is possible to determine
what the remote system type is (eg: a printer, router, general-purpose
computer, etc).","n/a","","Remote device type : switch
Confidence level : 70
"
"10114","CVE-1999-0524","","None","113.203.158.60","icmp","0","ICMP Timestamp Request Remote Date Disclosure","It is possible to determine the exact time set on the remote host.","The remote host answers to an ICMP timestamp request.  This allows an
attacker to know the date that is set on the targeted machine, which
may assist an unauthenticated, remote attacker in defeating time-based
authentication protocols.

Timestamps returned from machines running Windows Vista / 7 / 2008 /
2008 R2 are deliberately incorrect, but usually within 1000 seconds of
the actual system time.","Filter out the ICMP timestamp requests (13), and the outgoing ICMP
timestamp replies (14).","","The difference between the local and remote clocks is 2225 seconds.
"
"11219","","","None","113.203.158.60","tcp","8888","Nessus SYN scanner","It is possible to determine which TCP ports are open.","This plugin is a SYN 'half-open' port scanner.  It shall be reasonably
quick even against a firewalled target. 

Note that SYN scans are less intrusive than TCP (full connect) scans
against broken services, but they might cause problems for less robust
firewalls and also leave unclosed connections on the remote target, if
the network is loaded.","Protect your target with an IP filter.","","Port 8888/tcp was found to be open"
"11936","","","None","113.203.158.60","tcp","0","OS Identification","It is possible to guess the remote operating system.","Using a combination of remote probes (e.g., TCP/IP, SMB, HTTP, NTP,
SNMP, etc.), it is possible to guess the name of the remote operating
system in use. It is also possible sometimes to guess the version of
the operating system.","n/a","","
Remote operating system : Dell PowerConnect Switch
Confidence level : 70
Method : SinFP

 
The remote host is running Dell PowerConnect Switch"
"19506","","","None","113.203.158.60","tcp","0","Nessus Scan Information","This plugin displays information about the Nessus scan.","This plugin displays, for each tested host, information about the
scan itself :

  - The version of the plugin set.
  - The type of scanner (Nessus or Nessus Home).
  - The version of the Nessus Engine.
  - The port scanner(s) used.
  - The port range scanned.
  - Whether credentialed or third-party patch management
    checks are possible.
  - The date of the scan.
  - The duration of the scan.
  - The number of hosts scanned in parallel.
  - The number of checks done in parallel.","n/a","","Information about this scan : 

Nessus version : 6.8.1
Plugin feed version : 201608181730
Scanner edition used : Nessus
Scan type : Normal
Scan policy used : Device Discovery Test
Scanner IP : 172.31.33.81
Port scanner(s) : nessus_syn_scanner 
Port range : default
Thorough tests : no
Experimental tests : no
Paranoia level : 1
Report verbosity : 1
Safe checks : yes
Optimize the test : yes
Credentialed checks : no
Patch management checks : None
CGI scanning : disabled
Web application tests : disabled
Max hosts : 100
Max checks : 5
Recv timeout : 5
Backports : None
Allow post-scan editing: Yes
Scan Start Date : 2016/8/19 2:02 
Scan duration : 1823 sec
"
"22964","","","None","113.203.158.60","tcp","8888","Service Detection","The remote service could be identified.","Nessus was able to identify the remote service by its banner or by
looking at the error message it sends when it receives an HTTP
request.","n/a","","The service closed the connection without sending any data.
It might be protected by some sort of TCP wrapper."
"54615","","","None","113.203.158.60","tcp","0","Device Type","It is possible to guess the remote device type.","Based on the remote operating system, it is possible to determine
what the remote system type is (eg: a printer, router, general-purpose
computer, etc).","n/a","","Remote device type : switch
Confidence level : 70
"
"10114","CVE-1999-0524","","None","113.203.159.179","icmp","0","ICMP Timestamp Request Remote Date Disclosure","It is possible to determine the exact time set on the remote host.","The remote host answers to an ICMP timestamp request.  This allows an
attacker to know the date that is set on the targeted machine, which
may assist an unauthenticated, remote attacker in defeating time-based
authentication protocols.

Timestamps returned from machines running Windows Vista / 7 / 2008 /
2008 R2 are deliberately incorrect, but usually within 1000 seconds of
the actual system time.","Filter out the ICMP timestamp requests (13), and the outgoing ICMP
timestamp replies (14).","","The difference between the local and remote clocks is 94 seconds.
"
"10287","","","None","113.203.159.179","udp","0","Traceroute Information","It was possible to obtain traceroute information.","Makes a traceroute to the remote host.","n/a","","For your information, here is the traceroute from 172.31.33.81 to 113.203.159.179 : 
172.31.33.81
?
100.64.16.203
205.251.232.164
52.93.13.52
52.93.13.39
54.239.41.192
52.95.52.126
52.95.52.113
216.218.230.133
184.105.223.194
184.105.223.177
184.105.223.162
184.105.81.78
184.105.222.110
216.66.85.170
82.178.159.246
?
119.63.128.182
?
113.203.159.179
"
"11154","","","None","113.203.159.179","tcp","5554","Unknown Service Detection: Banner Retrieval","There is an unknown service running on the remote host.","Nessus was unable to identify a service on the remote host even though
it returned a banner of some type.","n/a","","
If you know what this service is and think the banner could be used to
identify it, please send a description of the service along with the
following output to svc-signatures@nessus.org :

  Port   : 5554
  Type   : spontaneous
  Banner : 
0x00:  00 00 00 0C 00 00 00 10 00 00 00 07 00 00 00 01    ................
           0x10:                                                                     
           
"
"11154","","","None","113.203.159.179","tcp","5555","Unknown Service Detection: Banner Retrieval","There is an unknown service running on the remote host.","Nessus was unable to identify a service on the remote host even though
it returned a banner of some type.","n/a","","
If you know what this service is and think the banner could be used to
identify it, please send a description of the service along with the
following output to svc-signatures@nessus.org :

  Port   : 5555
  Type   : spontaneous
  Banner : 
0x00:  00 00 00 0C 00 00 00 10 00 00 00 04 00 00 00 01    ................
           0x10:  00 00 00 0C 00 00 00 05 00 00 00 05 73 63 6D 00    ............scm.
           0x20:                                                                     
           
"
"11219","","","None","113.203.159.179","tcp","1110","Nessus SYN scanner","It is possible to determine which TCP ports are open.","This plugin is a SYN 'half-open' port scanner.  It shall be reasonably
quick even against a firewalled target. 

Note that SYN scans are less intrusive than TCP (full connect) scans
against broken services, but they might cause problems for less robust
firewalls and also leave unclosed connections on the remote target, if
the network is loaded.","Protect your target with an IP filter.","","Port 1110/tcp was found to be open"
"11219","","","None","113.203.159.179","tcp","5554","Nessus SYN scanner","It is possible to determine which TCP ports are open.","This plugin is a SYN 'half-open' port scanner.  It shall be reasonably
quick even against a firewalled target. 

Note that SYN scans are less intrusive than TCP (full connect) scans
against broken services, but they might cause problems for less robust
firewalls and also leave unclosed connections on the remote target, if
the network is loaded.","Protect your target with an IP filter.","","Port 5554/tcp was found to be open"
"11219","","","None","113.203.159.179","tcp","5555","Nessus SYN scanner","It is possible to determine which TCP ports are open.","This plugin is a SYN 'half-open' port scanner.  It shall be reasonably
quick even against a firewalled target. 

Note that SYN scans are less intrusive than TCP (full connect) scans
against broken services, but they might cause problems for less robust
firewalls and also leave unclosed connections on the remote target, if
the network is loaded.","Protect your target with an IP filter.","","Port 5555/tcp was found to be open"
"11936","","","None","113.203.159.179","tcp","0","OS Identification","It is possible to guess the remote operating system.","Using a combination of remote probes (e.g., TCP/IP, SMB, HTTP, NTP,
SNMP, etc.), it is possible to guess the name of the remote operating
system in use. It is also possible sometimes to guess the version of
the operating system.","n/a","","
Remote operating system : Linux Kernel 2.4
Linux Kernel 2.6
Confidence level : 59
Method : SinFP

 
The remote host is running one of these operating systems : 
Linux Kernel 2.4
Linux Kernel 2.6"
"19506","","","None","113.203.159.179","tcp","0","Nessus Scan Information","This plugin displays information about the Nessus scan.","This plugin displays, for each tested host, information about the
scan itself :

  - The version of the plugin set.
  - The type of scanner (Nessus or Nessus Home).
  - The version of the Nessus Engine.
  - The port scanner(s) used.
  - The port range scanned.
  - Whether credentialed or third-party patch management
    checks are possible.
  - The date of the scan.
  - The duration of the scan.
  - The number of hosts scanned in parallel.
  - The number of checks done in parallel.","n/a","","Information about this scan : 

Nessus version : 6.8.1
Plugin feed version : 201608181730
Scanner edition used : Nessus
Scan type : Normal
Scan policy used : Device Discovery Test
Scanner IP : 172.31.33.81
Port scanner(s) : nessus_syn_scanner 
Port range : default
Thorough tests : no
Experimental tests : no
Paranoia level : 1
Report verbosity : 1
Safe checks : yes
Optimize the test : yes
Credentialed checks : no
Patch management checks : None
CGI scanning : disabled
Web application tests : disabled
Max hosts : 100
Max checks : 5
Recv timeout : 5
Backports : None
Allow post-scan editing: Yes
Scan Start Date : 2016/8/19 2:01 
Scan duration : 2527 sec
"
"22964","","","None","113.203.159.179","tcp","1110","Service Detection","The remote service could be identified.","Nessus was able to identify the remote service by its banner or by
looking at the error message it sends when it receives an HTTP
request.","n/a","","The service closed the connection without sending any data.
It might be protected by some sort of TCP wrapper."
"25220","","","None","113.203.159.179","tcp","0","TCP/IP Timestamps Supported","The remote service implements TCP timestamps.","The remote host implements TCP timestamps, as defined by RFC1323.  A
side effect of this feature is that the uptime of the remote host can
sometimes be computed.","n/a","http://www.ietf.org/rfc/rfc1323.txt",""
"45590","","","None","113.203.159.179","tcp","0","Common Platform Enumeration (CPE)","It is possible to enumerate CPE names that matched on the remote
system.","By using information obtained from a Nessus scan, this plugin reports
CPE (Common Platform Enumeration) matches for various hardware and
software products found on a host. 

Note that if an official CPE is not available for the product, this
plugin computes the best possible CPE based on the information
available from the scan.","n/a","http://cpe.mitre.org/
https://nvd.nist.gov/cpe.cfm","
The remote operating system matched the following CPE's : 

  cpe:/o:linux:linux_kernel:2.4
  cpe:/o:linux:linux_kernel:2.6
"
"54615","","","None","113.203.159.179","tcp","0","Device Type","It is possible to guess the remote device type.","Based on the remote operating system, it is possible to determine
what the remote system type is (eg: a printer, router, general-purpose
computer, etc).","n/a","","Remote device type : general-purpose
Confidence level : 59
"
"10114","CVE-1999-0524","","None","113.203.159.202","icmp","0","ICMP Timestamp Request Remote Date Disclosure","It is possible to determine the exact time set on the remote host.","The remote host answers to an ICMP timestamp request.  This allows an
attacker to know the date that is set on the targeted machine, which
may assist an unauthenticated, remote attacker in defeating time-based
authentication protocols.

Timestamps returned from machines running Windows Vista / 7 / 2008 /
2008 R2 are deliberately incorrect, but usually within 1000 seconds of
the actual system time.","Filter out the ICMP timestamp requests (13), and the outgoing ICMP
timestamp replies (14).","","The difference between the local and remote clocks is -5274 seconds.
"
"11219","","","None","113.203.159.202","tcp","8888","Nessus SYN scanner","It is possible to determine which TCP ports are open.","This plugin is a SYN 'half-open' port scanner.  It shall be reasonably
quick even against a firewalled target. 

Note that SYN scans are less intrusive than TCP (full connect) scans
against broken services, but they might cause problems for less robust
firewalls and also leave unclosed connections on the remote target, if
the network is loaded.","Protect your target with an IP filter.","","Port 8888/tcp was found to be open"
"11936","","","None","113.203.159.202","tcp","0","OS Identification","It is possible to guess the remote operating system.","Using a combination of remote probes (e.g., TCP/IP, SMB, HTTP, NTP,
SNMP, etc.), it is possible to guess the name of the remote operating
system in use. It is also possible sometimes to guess the version of
the operating system.","n/a","","
Remote operating system : Dell PowerConnect Switch
Confidence level : 70
Method : SinFP

 
The remote host is running Dell PowerConnect Switch"
"19506","","","None","113.203.159.202","tcp","0","Nessus Scan Information","This plugin displays information about the Nessus scan.","This plugin displays, for each tested host, information about the
scan itself :

  - The version of the plugin set.
  - The type of scanner (Nessus or Nessus Home).
  - The version of the Nessus Engine.
  - The port scanner(s) used.
  - The port range scanned.
  - Whether credentialed or third-party patch management
    checks are possible.
  - The date of the scan.
  - The duration of the scan.
  - The number of hosts scanned in parallel.
  - The number of checks done in parallel.","n/a","","Information about this scan : 

Nessus version : 6.8.1
Plugin feed version : 201608181730
Scanner edition used : Nessus
Scan type : Normal
Scan policy used : Device Discovery Test
Scanner IP : 172.31.33.81
Port scanner(s) : nessus_syn_scanner 
Port range : default
Thorough tests : no
Experimental tests : no
Paranoia level : 1
Report verbosity : 1
Safe checks : yes
Optimize the test : yes
Credentialed checks : no
Patch management checks : None
CGI scanning : disabled
Web application tests : disabled
Max hosts : 100
Max checks : 5
Recv timeout : 5
Backports : None
Allow post-scan editing: Yes
Scan Start Date : 2016/8/19 2:01 
Scan duration : 1928 sec
"
"22964","","","None","113.203.159.202","tcp","8888","Service Detection","The remote service could be identified.","Nessus was able to identify the remote service by its banner or by
looking at the error message it sends when it receives an HTTP
request.","n/a","","A web server is running on this port."
"54615","","","None","113.203.159.202","tcp","0","Device Type","It is possible to guess the remote device type.","Based on the remote operating system, it is possible to determine
what the remote system type is (eg: a printer, router, general-purpose
computer, etc).","n/a","","Remote device type : switch
Confidence level : 70
"
"10114","CVE-1999-0524","","None","113.203.160.254","icmp","0","ICMP Timestamp Request Remote Date Disclosure","It is possible to determine the exact time set on the remote host.","The remote host answers to an ICMP timestamp request.  This allows an
attacker to know the date that is set on the targeted machine, which
may assist an unauthenticated, remote attacker in defeating time-based
authentication protocols.

Timestamps returned from machines running Windows Vista / 7 / 2008 /
2008 R2 are deliberately incorrect, but usually within 1000 seconds of
the actual system time.","Filter out the ICMP timestamp requests (13), and the outgoing ICMP
timestamp replies (14).","","The ICMP timestamps seem to be in little endian format (not in network format)
The difference between the local and remote clocks is 9061 seconds.
"
"11219","","","None","113.203.160.254","tcp","8888","Nessus SYN scanner","It is possible to determine which TCP ports are open.","This plugin is a SYN 'half-open' port scanner.  It shall be reasonably
quick even against a firewalled target. 

Note that SYN scans are less intrusive than TCP (full connect) scans
against broken services, but they might cause problems for less robust
firewalls and also leave unclosed connections on the remote target, if
the network is loaded.","Protect your target with an IP filter.","","Port 8888/tcp was found to be open"
"11936","","","None","113.203.160.254","tcp","0","OS Identification","It is possible to guess the remote operating system.","Using a combination of remote probes (e.g., TCP/IP, SMB, HTTP, NTP,
SNMP, etc.), it is possible to guess the name of the remote operating
system in use. It is also possible sometimes to guess the version of
the operating system.","n/a","","
Remote operating system : Dell PowerConnect Switch
Confidence level : 70
Method : SinFP

 
The remote host is running Dell PowerConnect Switch"
"19506","","","None","113.203.160.254","tcp","0","Nessus Scan Information","This plugin displays information about the Nessus scan.","This plugin displays, for each tested host, information about the
scan itself :

  - The version of the plugin set.
  - The type of scanner (Nessus or Nessus Home).
  - The version of the Nessus Engine.
  - The port scanner(s) used.
  - The port range scanned.
  - Whether credentialed or third-party patch management
    checks are possible.
  - The date of the scan.
  - The duration of the scan.
  - The number of hosts scanned in parallel.
  - The number of checks done in parallel.","n/a","","Information about this scan : 

Nessus version : 6.8.1
Plugin feed version : 201608181730
Scanner edition used : Nessus
Scan type : Normal
Scan policy used : Device Discovery Test
Scanner IP : 172.31.33.81
Port scanner(s) : nessus_syn_scanner 
Port range : default
Thorough tests : no
Experimental tests : no
Paranoia level : 1
Report verbosity : 1
Safe checks : yes
Optimize the test : yes
Credentialed checks : no
Patch management checks : None
CGI scanning : disabled
Web application tests : disabled
Max hosts : 100
Max checks : 5
Recv timeout : 5
Backports : None
Allow post-scan editing: Yes
Scan Start Date : 2016/8/19 1:59 
Scan duration : 2217 sec
"
"22964","","","None","113.203.160.254","tcp","8888","Service Detection","The remote service could be identified.","Nessus was able to identify the remote service by its banner or by
looking at the error message it sends when it receives an HTTP
request.","n/a","","The service closed the connection without sending any data.
It might be protected by some sort of TCP wrapper."
"54615","","","None","113.203.160.254","tcp","0","Device Type","It is possible to guess the remote device type.","Based on the remote operating system, it is possible to determine
what the remote system type is (eg: a printer, router, general-purpose
computer, etc).","n/a","","Remote device type : switch
Confidence level : 70
"
"10114","CVE-1999-0524","","None","113.203.161.147","icmp","0","ICMP Timestamp Request Remote Date Disclosure","It is possible to determine the exact time set on the remote host.","The remote host answers to an ICMP timestamp request.  This allows an
attacker to know the date that is set on the targeted machine, which
may assist an unauthenticated, remote attacker in defeating time-based
authentication protocols.

Timestamps returned from machines running Windows Vista / 7 / 2008 /
2008 R2 are deliberately incorrect, but usually within 1000 seconds of
the actual system time.","Filter out the ICMP timestamp requests (13), and the outgoing ICMP
timestamp replies (14).","","The ICMP timestamps seem to be in little endian format (not in network format)
The difference between the local and remote clocks is 8457 seconds.
"
"11219","","","None","113.203.161.147","tcp","8888","Nessus SYN scanner","It is possible to determine which TCP ports are open.","This plugin is a SYN 'half-open' port scanner.  It shall be reasonably
quick even against a firewalled target. 

Note that SYN scans are less intrusive than TCP (full connect) scans
against broken services, but they might cause problems for less robust
firewalls and also leave unclosed connections on the remote target, if
the network is loaded.","Protect your target with an IP filter.","","Port 8888/tcp was found to be open"
"11936","","","None","113.203.161.147","tcp","0","OS Identification","It is possible to guess the remote operating system.","Using a combination of remote probes (e.g., TCP/IP, SMB, HTTP, NTP,
SNMP, etc.), it is possible to guess the name of the remote operating
system in use. It is also possible sometimes to guess the version of
the operating system.","n/a","","
Remote operating system : Dell PowerConnect Switch
Confidence level : 70
Method : SinFP

 
The remote host is running Dell PowerConnect Switch"
"19506","","","None","113.203.161.147","tcp","0","Nessus Scan Information","This plugin displays information about the Nessus scan.","This plugin displays, for each tested host, information about the
scan itself :

  - The version of the plugin set.
  - The type of scanner (Nessus or Nessus Home).
  - The version of the Nessus Engine.
  - The port scanner(s) used.
  - The port range scanned.
  - Whether credentialed or third-party patch management
    checks are possible.
  - The date of the scan.
  - The duration of the scan.
  - The number of hosts scanned in parallel.
  - The number of checks done in parallel.","n/a","","Information about this scan : 

Nessus version : 6.8.1
Plugin feed version : 201608181730
Scanner edition used : Nessus
Scan type : Normal
Scan policy used : Device Discovery Test
Scanner IP : 172.31.33.81
Port scanner(s) : nessus_syn_scanner 
Port range : default
Thorough tests : no
Experimental tests : no
Paranoia level : 1
Report verbosity : 1
Safe checks : yes
Optimize the test : yes
Credentialed checks : no
Patch management checks : None
CGI scanning : disabled
Web application tests : disabled
Max hosts : 100
Max checks : 5
Recv timeout : 5
Backports : None
Allow post-scan editing: Yes
Scan Start Date : 2016/8/19 1:58 
Scan duration : 1813 sec
"
"22964","","","None","113.203.161.147","tcp","8888","Service Detection","The remote service could be identified.","Nessus was able to identify the remote service by its banner or by
looking at the error message it sends when it receives an HTTP
request.","n/a","","The service closed the connection without sending any data.
It might be protected by some sort of TCP wrapper."
"54615","","","None","113.203.161.147","tcp","0","Device Type","It is possible to guess the remote device type.","Based on the remote operating system, it is possible to determine
what the remote system type is (eg: a printer, router, general-purpose
computer, etc).","n/a","","Remote device type : switch
Confidence level : 70
"
"10114","CVE-1999-0524","","None","113.203.161.200","icmp","0","ICMP Timestamp Request Remote Date Disclosure","It is possible to determine the exact time set on the remote host.","The remote host answers to an ICMP timestamp request.  This allows an
attacker to know the date that is set on the targeted machine, which
may assist an unauthenticated, remote attacker in defeating time-based
authentication protocols.

Timestamps returned from machines running Windows Vista / 7 / 2008 /
2008 R2 are deliberately incorrect, but usually within 1000 seconds of
the actual system time.","Filter out the ICMP timestamp requests (13), and the outgoing ICMP
timestamp replies (14).","","This host returns invalid timestamps (bigger than 24 hours)."
"11219","","","None","113.203.161.200","tcp","8888","Nessus SYN scanner","It is possible to determine which TCP ports are open.","This plugin is a SYN 'half-open' port scanner.  It shall be reasonably
quick even against a firewalled target. 

Note that SYN scans are less intrusive than TCP (full connect) scans
against broken services, but they might cause problems for less robust
firewalls and also leave unclosed connections on the remote target, if
the network is loaded.","Protect your target with an IP filter.","","Port 8888/tcp was found to be open"
"11936","","","None","113.203.161.200","tcp","0","OS Identification","It is possible to guess the remote operating system.","Using a combination of remote probes (e.g., TCP/IP, SMB, HTTP, NTP,
SNMP, etc.), it is possible to guess the name of the remote operating
system in use. It is also possible sometimes to guess the version of
the operating system.","n/a","","
Remote operating system : Dell PowerConnect Switch
Confidence level : 70
Method : SinFP

 
The remote host is running Dell PowerConnect Switch"
"19506","","","None","113.203.161.200","tcp","0","Nessus Scan Information","This plugin displays information about the Nessus scan.","This plugin displays, for each tested host, information about the
scan itself :

  - The version of the plugin set.
  - The type of scanner (Nessus or Nessus Home).
  - The version of the Nessus Engine.
  - The port scanner(s) used.
  - The port range scanned.
  - Whether credentialed or third-party patch management
    checks are possible.
  - The date of the scan.
  - The duration of the scan.
  - The number of hosts scanned in parallel.
  - The number of checks done in parallel.","n/a","","Information about this scan : 

Nessus version : 6.8.1
Plugin feed version : 201608181730
Scanner edition used : Nessus
Scan type : Normal
Scan policy used : Device Discovery Test
Scanner IP : 172.31.33.81
Port scanner(s) : nessus_syn_scanner 
Port range : default
Thorough tests : no
Experimental tests : no
Paranoia level : 1
Report verbosity : 1
Safe checks : yes
Optimize the test : yes
Credentialed checks : no
Patch management checks : None
CGI scanning : disabled
Web application tests : disabled
Max hosts : 100
Max checks : 5
Recv timeout : 5
Backports : None
Allow post-scan editing: Yes
Scan Start Date : 2016/8/19 1:56 
Scan duration : 2016 sec
"
"22964","","","None","113.203.161.200","tcp","8888","Service Detection","The remote service could be identified.","Nessus was able to identify the remote service by its banner or by
looking at the error message it sends when it receives an HTTP
request.","n/a","","The service closed the connection without sending any data.
It might be protected by some sort of TCP wrapper."
"54615","","","None","113.203.161.200","tcp","0","Device Type","It is possible to guess the remote device type.","Based on the remote operating system, it is possible to determine
what the remote system type is (eg: a printer, router, general-purpose
computer, etc).","n/a","","Remote device type : switch
Confidence level : 70
"
"10114","CVE-1999-0524","","None","113.203.163.152","icmp","0","ICMP Timestamp Request Remote Date Disclosure","It is possible to determine the exact time set on the remote host.","The remote host answers to an ICMP timestamp request.  This allows an
attacker to know the date that is set on the targeted machine, which
may assist an unauthenticated, remote attacker in defeating time-based
authentication protocols.

Timestamps returned from machines running Windows Vista / 7 / 2008 /
2008 R2 are deliberately incorrect, but usually within 1000 seconds of
the actual system time.","Filter out the ICMP timestamp requests (13), and the outgoing ICMP
timestamp replies (14).","","The difference between the local and remote clocks is 7465 seconds.
"
"11219","","","None","113.203.163.152","tcp","8888","Nessus SYN scanner","It is possible to determine which TCP ports are open.","This plugin is a SYN 'half-open' port scanner.  It shall be reasonably
quick even against a firewalled target. 

Note that SYN scans are less intrusive than TCP (full connect) scans
against broken services, but they might cause problems for less robust
firewalls and also leave unclosed connections on the remote target, if
the network is loaded.","Protect your target with an IP filter.","","Port 8888/tcp was found to be open"
"11936","","","None","113.203.163.152","tcp","0","OS Identification","It is possible to guess the remote operating system.","Using a combination of remote probes (e.g., TCP/IP, SMB, HTTP, NTP,
SNMP, etc.), it is possible to guess the name of the remote operating
system in use. It is also possible sometimes to guess the version of
the operating system.","n/a","","
Remote operating system : Dell PowerConnect Switch
Confidence level : 70
Method : SinFP

 
The remote host is running Dell PowerConnect Switch"
"19506","","","None","113.203.163.152","tcp","0","Nessus Scan Information","This plugin displays information about the Nessus scan.","This plugin displays, for each tested host, information about the
scan itself :

  - The version of the plugin set.
  - The type of scanner (Nessus or Nessus Home).
  - The version of the Nessus Engine.
  - The port scanner(s) used.
  - The port range scanned.
  - Whether credentialed or third-party patch management
    checks are possible.
  - The date of the scan.
  - The duration of the scan.
  - The number of hosts scanned in parallel.
  - The number of checks done in parallel.","n/a","","Information about this scan : 

Nessus version : 6.8.1
Plugin feed version : 201608181730
Scanner edition used : Nessus
Scan type : Normal
Scan policy used : Device Discovery Test
Scanner IP : 172.31.33.81
Port scanner(s) : nessus_syn_scanner 
Port range : default
Thorough tests : no
Experimental tests : no
Paranoia level : 1
Report verbosity : 1
Safe checks : yes
Optimize the test : yes
Credentialed checks : no
Patch management checks : None
CGI scanning : disabled
Web application tests : disabled
Max hosts : 100
Max checks : 5
Recv timeout : 5
Backports : None
Allow post-scan editing: Yes
Scan Start Date : 2016/8/19 1:50 
Scan duration : 2536 sec
"
"22964","","","None","113.203.163.152","tcp","8888","Service Detection","The remote service could be identified.","Nessus was able to identify the remote service by its banner or by
looking at the error message it sends when it receives an HTTP
request.","n/a","","The service closed the connection without sending any data.
It might be protected by some sort of TCP wrapper."
"54615","","","None","113.203.163.152","tcp","0","Device Type","It is possible to guess the remote device type.","Based on the remote operating system, it is possible to determine
what the remote system type is (eg: a printer, router, general-purpose
computer, etc).","n/a","","Remote device type : switch
Confidence level : 70
"
"10114","CVE-1999-0524","","None","113.203.164.167","icmp","0","ICMP Timestamp Request Remote Date Disclosure","It is possible to determine the exact time set on the remote host.","The remote host answers to an ICMP timestamp request.  This allows an
attacker to know the date that is set on the targeted machine, which
may assist an unauthenticated, remote attacker in defeating time-based
authentication protocols.

Timestamps returned from machines running Windows Vista / 7 / 2008 /
2008 R2 are deliberately incorrect, but usually within 1000 seconds of
the actual system time.","Filter out the ICMP timestamp requests (13), and the outgoing ICMP
timestamp replies (14).","","The difference between the local and remote clocks is 11 seconds.
"
"11154","","","None","113.203.164.167","tcp","5554","Unknown Service Detection: Banner Retrieval","There is an unknown service running on the remote host.","Nessus was unable to identify a service on the remote host even though
it returned a banner of some type.","n/a","","
If you know what this service is and think the banner could be used to
identify it, please send a description of the service along with the
following output to svc-signatures@nessus.org :

  Port   : 5554
  Type   : spontaneous
  Banner : 
0x00:  00 00 00 0C 00 00 00 10 00 00 00 07 00 00 00 01    ................
           0x10:  00 00 00 0C 00 00 00 05 00 00 00 08 63 6D 61 00    ............cma.
           0x20:                                                                     
           
"
"11154","","","None","113.203.164.167","tcp","5555","Unknown Service Detection: Banner Retrieval","There is an unknown service running on the remote host.","Nessus was unable to identify a service on the remote host even though
it returned a banner of some type.","n/a","","
If you know what this service is and think the banner could be used to
identify it, please send a description of the service along with the
following output to svc-signatures@nessus.org :

  Port   : 5555
  Type   : spontaneous
  Banner : 
0x00:  00 00 00 0C 00 00 00 10 00 00 00 02 00 00 00 01    ................
           0x10:  00 00 00 0C 00 00 00 05 00 00 00 03 73 63 6D 00    ............scm.
           0x20:                                                                     
           
"
"11219","","","None","113.203.164.167","tcp","1024","Nessus SYN scanner","It is possible to determine which TCP ports are open.","This plugin is a SYN 'half-open' port scanner.  It shall be reasonably
quick even against a firewalled target. 

Note that SYN scans are less intrusive than TCP (full connect) scans
against broken services, but they might cause problems for less robust
firewalls and also leave unclosed connections on the remote target, if
the network is loaded.","Protect your target with an IP filter.","","Port 1024/tcp was found to be open"
"11219","","","None","113.203.164.167","tcp","5554","Nessus SYN scanner","It is possible to determine which TCP ports are open.","This plugin is a SYN 'half-open' port scanner.  It shall be reasonably
quick even against a firewalled target. 

Note that SYN scans are less intrusive than TCP (full connect) scans
against broken services, but they might cause problems for less robust
firewalls and also leave unclosed connections on the remote target, if
the network is loaded.","Protect your target with an IP filter.","","Port 5554/tcp was found to be open"
"11219","","","None","113.203.164.167","tcp","5555","Nessus SYN scanner","It is possible to determine which TCP ports are open.","This plugin is a SYN 'half-open' port scanner.  It shall be reasonably
quick even against a firewalled target. 

Note that SYN scans are less intrusive than TCP (full connect) scans
against broken services, but they might cause problems for less robust
firewalls and also leave unclosed connections on the remote target, if
the network is loaded.","Protect your target with an IP filter.","","Port 5555/tcp was found to be open"
"11936","","","None","113.203.164.167","tcp","0","OS Identification","It is possible to guess the remote operating system.","Using a combination of remote probes (e.g., TCP/IP, SMB, HTTP, NTP,
SNMP, etc.), it is possible to guess the name of the remote operating
system in use. It is also possible sometimes to guess the version of
the operating system.","n/a","","
Remote operating system : Linux Kernel 2.4
Linux Kernel 2.6
Confidence level : 59
Method : SinFP

 
The remote host is running one of these operating systems : 
Linux Kernel 2.4
Linux Kernel 2.6"
"19506","","","None","113.203.164.167","tcp","0","Nessus Scan Information","This plugin displays information about the Nessus scan.","This plugin displays, for each tested host, information about the
scan itself :

  - The version of the plugin set.
  - The type of scanner (Nessus or Nessus Home).
  - The version of the Nessus Engine.
  - The port scanner(s) used.
  - The port range scanned.
  - Whether credentialed or third-party patch management
    checks are possible.
  - The date of the scan.
  - The duration of the scan.
  - The number of hosts scanned in parallel.
  - The number of checks done in parallel.","n/a","","Information about this scan : 

Nessus version : 6.8.1
Plugin feed version : 201608181730
Scanner edition used : Nessus
Scan type : Normal
Scan policy used : Device Discovery Test
Scanner IP : 172.31.33.81
Port scanner(s) : nessus_syn_scanner 
Port range : default
Thorough tests : no
Experimental tests : no
Paranoia level : 1
Report verbosity : 1
Safe checks : yes
Optimize the test : yes
Credentialed checks : no
Patch management checks : None
CGI scanning : disabled
Web application tests : disabled
Max hosts : 100
Max checks : 5
Recv timeout : 5
Backports : None
Allow post-scan editing: Yes
Scan Start Date : 2016/8/19 1:42 
Scan duration : 2614 sec
"
"22964","","","None","113.203.164.167","tcp","1024","Service Detection","The remote service could be identified.","Nessus was able to identify the remote service by its banner or by
looking at the error message it sends when it receives an HTTP
request.","n/a","","The service closed the connection without sending any data.
It might be protected by some sort of TCP wrapper."
"45590","","","None","113.203.164.167","tcp","0","Common Platform Enumeration (CPE)","It is possible to enumerate CPE names that matched on the remote
system.","By using information obtained from a Nessus scan, this plugin reports
CPE (Common Platform Enumeration) matches for various hardware and
software products found on a host. 

Note that if an official CPE is not available for the product, this
plugin computes the best possible CPE based on the information
available from the scan.","n/a","http://cpe.mitre.org/
https://nvd.nist.gov/cpe.cfm","
The remote operating system matched the following CPE's : 

  cpe:/o:linux:linux_kernel:2.4
  cpe:/o:linux:linux_kernel:2.6
"
"54615","","","None","113.203.164.167","tcp","0","Device Type","It is possible to guess the remote device type.","Based on the remote operating system, it is possible to determine
what the remote system type is (eg: a printer, router, general-purpose
computer, etc).","n/a","","Remote device type : general-purpose
Confidence level : 59
"
"10114","CVE-1999-0524","","None","113.203.165.11","icmp","0","ICMP Timestamp Request Remote Date Disclosure","It is possible to determine the exact time set on the remote host.","The remote host answers to an ICMP timestamp request.  This allows an
attacker to know the date that is set on the targeted machine, which
may assist an unauthenticated, remote attacker in defeating time-based
authentication protocols.

Timestamps returned from machines running Windows Vista / 7 / 2008 /
2008 R2 are deliberately incorrect, but usually within 1000 seconds of
the actual system time.","Filter out the ICMP timestamp requests (13), and the outgoing ICMP
timestamp replies (14).","","The difference between the local and remote clocks is 116 seconds.
"
"11154","","","None","113.203.165.11","tcp","5554","Unknown Service Detection: Banner Retrieval","There is an unknown service running on the remote host.","Nessus was unable to identify a service on the remote host even though
it returned a banner of some type.","n/a","","
If you know what this service is and think the banner could be used to
identify it, please send a description of the service along with the
following output to svc-signatures@nessus.org :

  Port   : 5554
  Type   : spontaneous
  Banner : 
0x00:  00 00 00 0C 00 00 00 10 00 00 00 0B 00 00 00 01    ................
           0x10:  00 00 00 0C 00 00 00 05 00 00 00 0C 63 6D 61 00    ............cma.
           0x20:                                                                     
           
"
"11154","","","None","113.203.165.11","tcp","5555","Unknown Service Detection: Banner Retrieval","There is an unknown service running on the remote host.","Nessus was unable to identify a service on the remote host even though
it returned a banner of some type.","n/a","","
If you know what this service is and think the banner could be used to
identify it, please send a description of the service along with the
following output to svc-signatures@nessus.org :

  Port   : 5555
  Type   : spontaneous
  Banner : 
0x00:  00 00 00 0C 00 00 00 10 00 00 00 06 00 00 00 01    ................
           0x10:  00 00 00 0C 00 00 00 05 00 00 00 07 73 63 6D 00    ............scm.
           0x20:                                                                     
           
"
"11219","","","None","113.203.165.11","tcp","1024","Nessus SYN scanner","It is possible to determine which TCP ports are open.","This plugin is a SYN 'half-open' port scanner.  It shall be reasonably
quick even against a firewalled target. 

Note that SYN scans are less intrusive than TCP (full connect) scans
against broken services, but they might cause problems for less robust
firewalls and also leave unclosed connections on the remote target, if
the network is loaded.","Protect your target with an IP filter.","","Port 1024/tcp was found to be open"
"11219","","","None","113.203.165.11","tcp","5554","Nessus SYN scanner","It is possible to determine which TCP ports are open.","This plugin is a SYN 'half-open' port scanner.  It shall be reasonably
quick even against a firewalled target. 

Note that SYN scans are less intrusive than TCP (full connect) scans
against broken services, but they might cause problems for less robust
firewalls and also leave unclosed connections on the remote target, if
the network is loaded.","Protect your target with an IP filter.","","Port 5554/tcp was found to be open"
"11219","","","None","113.203.165.11","tcp","5555","Nessus SYN scanner","It is possible to determine which TCP ports are open.","This plugin is a SYN 'half-open' port scanner.  It shall be reasonably
quick even against a firewalled target. 

Note that SYN scans are less intrusive than TCP (full connect) scans
against broken services, but they might cause problems for less robust
firewalls and also leave unclosed connections on the remote target, if
the network is loaded.","Protect your target with an IP filter.","","Port 5555/tcp was found to be open"
"11936","","","None","113.203.165.11","tcp","0","OS Identification","It is possible to guess the remote operating system.","Using a combination of remote probes (e.g., TCP/IP, SMB, HTTP, NTP,
SNMP, etc.), it is possible to guess the name of the remote operating
system in use. It is also possible sometimes to guess the version of
the operating system.","n/a","","
Remote operating system : Linux Kernel 2.4
Linux Kernel 2.6
Confidence level : 59
Method : SinFP

 
The remote host is running one of these operating systems : 
Linux Kernel 2.4
Linux Kernel 2.6"
"19506","","","None","113.203.165.11","tcp","0","Nessus Scan Information","This plugin displays information about the Nessus scan.","This plugin displays, for each tested host, information about the
scan itself :

  - The version of the plugin set.
  - The type of scanner (Nessus or Nessus Home).
  - The version of the Nessus Engine.
  - The port scanner(s) used.
  - The port range scanned.
  - Whether credentialed or third-party patch management
    checks are possible.
  - The date of the scan.
  - The duration of the scan.
  - The number of hosts scanned in parallel.
  - The number of checks done in parallel.","n/a","","Information about this scan : 

Nessus version : 6.8.1
Plugin feed version : 201608181730
Scanner edition used : Nessus
Scan type : Normal
Scan policy used : Device Discovery Test
Scanner IP : 172.31.33.81
Port scanner(s) : nessus_syn_scanner 
Port range : default
Thorough tests : no
Experimental tests : no
Paranoia level : 1
Report verbosity : 1
Safe checks : yes
Optimize the test : yes
Credentialed checks : no
Patch management checks : None
CGI scanning : disabled
Web application tests : disabled
Max hosts : 100
Max checks : 5
Recv timeout : 5
Backports : None
Allow post-scan editing: Yes
Scan Start Date : 2016/8/19 1:39 
Scan duration : 2630 sec
"
"22964","","","None","113.203.165.11","tcp","1024","Service Detection","The remote service could be identified.","Nessus was able to identify the remote service by its banner or by
looking at the error message it sends when it receives an HTTP
request.","n/a","","The service closed the connection without sending any data.
It might be protected by some sort of TCP wrapper."
"25220","","","None","113.203.165.11","tcp","0","TCP/IP Timestamps Supported","The remote service implements TCP timestamps.","The remote host implements TCP timestamps, as defined by RFC1323.  A
side effect of this feature is that the uptime of the remote host can
sometimes be computed.","n/a","http://www.ietf.org/rfc/rfc1323.txt",""
"45590","","","None","113.203.165.11","tcp","0","Common Platform Enumeration (CPE)","It is possible to enumerate CPE names that matched on the remote
system.","By using information obtained from a Nessus scan, this plugin reports
CPE (Common Platform Enumeration) matches for various hardware and
software products found on a host. 

Note that if an official CPE is not available for the product, this
plugin computes the best possible CPE based on the information
available from the scan.","n/a","http://cpe.mitre.org/
https://nvd.nist.gov/cpe.cfm","
The remote operating system matched the following CPE's : 

  cpe:/o:linux:linux_kernel:2.4
  cpe:/o:linux:linux_kernel:2.6
"
"54615","","","None","113.203.165.11","tcp","0","Device Type","It is possible to guess the remote device type.","Based on the remote operating system, it is possible to determine
what the remote system type is (eg: a printer, router, general-purpose
computer, etc).","n/a","","Remote device type : general-purpose
Confidence level : 59
"
"10114","CVE-1999-0524","","None","113.203.165.87","icmp","0","ICMP Timestamp Request Remote Date Disclosure","It is possible to determine the exact time set on the remote host.","The remote host answers to an ICMP timestamp request.  This allows an
attacker to know the date that is set on the targeted machine, which
may assist an unauthenticated, remote attacker in defeating time-based
authentication protocols.

Timestamps returned from machines running Windows Vista / 7 / 2008 /
2008 R2 are deliberately incorrect, but usually within 1000 seconds of
the actual system time.","Filter out the ICMP timestamp requests (13), and the outgoing ICMP
timestamp replies (14).","","This host returns invalid timestamps (bigger than 24 hours)."
"11219","","","None","113.203.165.87","tcp","8888","Nessus SYN scanner","It is possible to determine which TCP ports are open.","This plugin is a SYN 'half-open' port scanner.  It shall be reasonably
quick even against a firewalled target. 

Note that SYN scans are less intrusive than TCP (full connect) scans
against broken services, but they might cause problems for less robust
firewalls and also leave unclosed connections on the remote target, if
the network is loaded.","Protect your target with an IP filter.","","Port 8888/tcp was found to be open"
"19506","","","None","113.203.165.87","tcp","0","Nessus Scan Information","This plugin displays information about the Nessus scan.","This plugin displays, for each tested host, information about the
scan itself :

  - The version of the plugin set.
  - The type of scanner (Nessus or Nessus Home).
  - The version of the Nessus Engine.
  - The port scanner(s) used.
  - The port range scanned.
  - Whether credentialed or third-party patch management
    checks are possible.
  - The date of the scan.
  - The duration of the scan.
  - The number of hosts scanned in parallel.
  - The number of checks done in parallel.","n/a","","Information about this scan : 

Nessus version : 6.8.1
Plugin feed version : 201608181730
Scanner edition used : Nessus
Scan type : Normal
Scan policy used : Device Discovery Test
Scanner IP : 172.31.33.81
Port scanner(s) : nessus_syn_scanner 
Port range : default
Thorough tests : no
Experimental tests : no
Paranoia level : 1
Report verbosity : 1
Safe checks : yes
Optimize the test : yes
Credentialed checks : no
Patch management checks : None
CGI scanning : disabled
Web application tests : disabled
Max hosts : 100
Max checks : 5
Recv timeout : 5
Backports : None
Allow post-scan editing: Yes
Scan Start Date : 2016/8/19 1:04 
Scan duration : 2273 sec
"
"22964","","","None","113.203.165.87","tcp","8888","Service Detection","The remote service could be identified.","Nessus was able to identify the remote service by its banner or by
looking at the error message it sends when it receives an HTTP
request.","n/a","","A web server is running on this port."
