Plugin ID,CVE,CVSS,Risk,Host,Protocol,Port,Name,Synopsis,Description,Solution,See Also,Plugin Output
"11154","","","None","172.77.250.155","tcp","443","Unknown Service Detection: Banner Retrieval","There is an unknown service running on the remote host.","Nessus was unable to identify a service on the remote host even though
it returned a banner of some type.","n/a","","
The service on this port appears to be encrypted with SSL. If you
would like Nessus to try harder to detect it, change the 'Test SSL
based services' preference to 'All' and re-run the scan.
"
"11219","","","None","172.77.250.155","tcp","443","Nessus SYN scanner","It is possible to determine which TCP ports are open.","This plugin is a SYN 'half-open' port scanner.  It shall be reasonably
quick even against a firewalled target. 

Note that SYN scans are less intrusive than TCP (full connect) scans
against broken services, but they might cause problems for less robust
firewalls and also leave unclosed connections on the remote target, if
the network is loaded.","Protect your target with an IP filter.","","Port 443/tcp was found to be open"
"11936","","","None","172.77.250.155","tcp","0","OS Identification","It is possible to guess the remote operating system.","Using a combination of remote probes (e.g., TCP/IP, SMB, HTTP, NTP,
SNMP, etc.), it is possible to guess the name of the remote operating
system in use. It is also possible sometimes to guess the version of
the operating system.","n/a","","
Remote operating system : FortiOS on Fortinet FortiGate
Confidence level : 65
Method : SinFP

 
The remote host is running FortiOS on Fortinet FortiGate"
"19506","","","None","172.77.250.155","tcp","0","Nessus Scan Information","This plugin displays information about the Nessus scan.","This plugin displays, for each tested host, information about the
scan itself :

  - The version of the plugin set.
  - The type of scanner (Nessus or Nessus Home).
  - The version of the Nessus Engine.
  - The port scanner(s) used.
  - The port range scanned.
  - Whether credentialed or third-party patch management
    checks are possible.
  - The date of the scan.
  - The duration of the scan.
  - The number of hosts scanned in parallel.
  - The number of checks done in parallel.","n/a","","Information about this scan : 

Nessus version : 6.8.1
Plugin feed version : 201608181730
Scanner edition used : Nessus
Scan type : Normal
Scan policy used : Device Discovery Test
Scanner IP : 172.31.33.81
Port scanner(s) : nessus_syn_scanner 
Port range : default
Thorough tests : no
Experimental tests : no
Paranoia level : 1
Report verbosity : 1
Safe checks : yes
Optimize the test : yes
Credentialed checks : no
Patch management checks : None
CGI scanning : disabled
Web application tests : disabled
Max hosts : 100
Max checks : 5
Recv timeout : 5
Backports : None
Allow post-scan editing: Yes
Scan Start Date : 2016/8/19 0:32 
Scan duration : 2203 sec
"
"25220","","","None","172.77.250.155","tcp","0","TCP/IP Timestamps Supported","The remote service implements TCP timestamps.","The remote host implements TCP timestamps, as defined by RFC1323.  A
side effect of this feature is that the uptime of the remote host can
sometimes be computed.","n/a","http://www.ietf.org/rfc/rfc1323.txt",""
"45590","","","None","172.77.250.155","tcp","0","Common Platform Enumeration (CPE)","It is possible to enumerate CPE names that matched on the remote
system.","By using information obtained from a Nessus scan, this plugin reports
CPE (Common Platform Enumeration) matches for various hardware and
software products found on a host. 

Note that if an official CPE is not available for the product, this
plugin computes the best possible CPE based on the information
available from the scan.","n/a","http://cpe.mitre.org/
https://nvd.nist.gov/cpe.cfm","
The remote operating system matched the following CPE : 

  cpe:/o:fortinet:fortios
"
"54615","","","None","172.77.250.155","tcp","0","Device Type","It is possible to guess the remote device type.","Based on the remote operating system, it is possible to determine
what the remote system type is (eg: a printer, router, general-purpose
computer, etc).","n/a","","Remote device type : firewall
Confidence level : 65
"
"11219","","","None","172.79.85.90","tcp","8080","Nessus SYN scanner","It is possible to determine which TCP ports are open.","This plugin is a SYN 'half-open' port scanner.  It shall be reasonably
quick even against a firewalled target. 

Note that SYN scans are less intrusive than TCP (full connect) scans
against broken services, but they might cause problems for less robust
firewalls and also leave unclosed connections on the remote target, if
the network is loaded.","Protect your target with an IP filter.","","Port 8080/tcp was found to be open"
"11219","","","None","172.79.85.90","tcp","502","Nessus SYN scanner","It is possible to determine which TCP ports are open.","This plugin is a SYN 'half-open' port scanner.  It shall be reasonably
quick even against a firewalled target. 

Note that SYN scans are less intrusive than TCP (full connect) scans
against broken services, but they might cause problems for less robust
firewalls and also leave unclosed connections on the remote target, if
the network is loaded.","Protect your target with an IP filter.","","Port 502/tcp was found to be open"
"11219","","","None","172.79.85.90","tcp","2420","Nessus SYN scanner","It is possible to determine which TCP ports are open.","This plugin is a SYN 'half-open' port scanner.  It shall be reasonably
quick even against a firewalled target. 

Note that SYN scans are less intrusive than TCP (full connect) scans
against broken services, but they might cause problems for less robust
firewalls and also leave unclosed connections on the remote target, if
the network is loaded.","Protect your target with an IP filter.","","Port 2420/tcp was found to be open"
"11219","","","None","172.79.85.90","tcp","4567","Nessus SYN scanner","It is possible to determine which TCP ports are open.","This plugin is a SYN 'half-open' port scanner.  It shall be reasonably
quick even against a firewalled target. 

Note that SYN scans are less intrusive than TCP (full connect) scans
against broken services, but they might cause problems for less robust
firewalls and also leave unclosed connections on the remote target, if
the network is loaded.","Protect your target with an IP filter.","","Port 4567/tcp was found to be open"
"11936","","","None","172.79.85.90","tcp","0","OS Identification","It is possible to guess the remote operating system.","Using a combination of remote probes (e.g., TCP/IP, SMB, HTTP, NTP,
SNMP, etc.), it is possible to guess the name of the remote operating
system in use. It is also possible sometimes to guess the version of
the operating system.","n/a","","
Remote operating system : Microsoft Windows 2000
Microsoft Windows XP
Confidence level : 54
Method : SinFP

 
The remote host is running one of these operating systems : 
Microsoft Windows 2000
Microsoft Windows XP"
"12053","","","None","172.79.85.90","tcp","0","Host Fully Qualified Domain Name (FQDN) Resolution","It was possible to resolve the name of the remote host.","Nessus was able to resolve the FQDN of the remote host.","n/a","","
172.79.85.90 resolves as static-172-79-85-90.roch.ny.frontiernet.net.
"
"19506","","","None","172.79.85.90","tcp","0","Nessus Scan Information","This plugin displays information about the Nessus scan.","This plugin displays, for each tested host, information about the
scan itself :

  - The version of the plugin set.
  - The type of scanner (Nessus or Nessus Home).
  - The version of the Nessus Engine.
  - The port scanner(s) used.
  - The port range scanned.
  - Whether credentialed or third-party patch management
    checks are possible.
  - The date of the scan.
  - The duration of the scan.
  - The number of hosts scanned in parallel.
  - The number of checks done in parallel.","n/a","","Information about this scan : 

Nessus version : 6.8.1
Plugin feed version : 201608181730
Scanner edition used : Nessus
Scan type : Normal
Scan policy used : Device Discovery Test
Scanner IP : 172.31.33.81
Port scanner(s) : nessus_syn_scanner 
Port range : default
Thorough tests : no
Experimental tests : no
Paranoia level : 1
Report verbosity : 1
Safe checks : yes
Optimize the test : yes
Credentialed checks : no
Patch management checks : None
CGI scanning : disabled
Web application tests : disabled
Max hosts : 100
Max checks : 5
Recv timeout : 5
Backports : None
Allow post-scan editing: Yes
Scan Start Date : 2016/8/19 0:32 
Scan duration : 4298 sec
"
"45590","","","None","172.79.85.90","tcp","0","Common Platform Enumeration (CPE)","It is possible to enumerate CPE names that matched on the remote
system.","By using information obtained from a Nessus scan, this plugin reports
CPE (Common Platform Enumeration) matches for various hardware and
software products found on a host. 

Note that if an official CPE is not available for the product, this
plugin computes the best possible CPE based on the information
available from the scan.","n/a","http://cpe.mitre.org/
https://nvd.nist.gov/cpe.cfm","
The remote operating system matched the following CPE's : 

  cpe:/o:microsoft:windows_2000
  cpe:/o:microsoft:windows_xp
"
"54615","","","None","172.79.85.90","tcp","0","Device Type","It is possible to guess the remote device type.","Based on the remote operating system, it is possible to determine
what the remote system type is (eg: a printer, router, general-purpose
computer, etc).","n/a","","Remote device type : general-purpose
Confidence level : 54
"
"83301","","5.0","Medium","172.79.85.90","tcp","502","Modbus/TCP Device Identification","Read the Modbus/TCP Device Identification using the Encapsulated
Interface Transport code 43 and MEI Type 14.","Nessus sent a Modbus Encapsulated Interface read request with MEI type
14 to obtain the device's Vendor Name, Product Code, and Major and
Minor Revision. If supported, the data can include Vendor URL, Product
Name, Model Name, and User Application Name. The alternative is to
detect Modbus on valid error responses from a device not supporting
the function code 43 and MEI 14.","Restrict access to the Modbus port (TCP/502) to authorized Modbus
clients.","http://www.modbus.org/","
 Modbus Function: 43 MEI: 14

 Basic Device Identification:

   Basic Identification (stream and individual access)

    Vendor Name: Schneider Electric

    Product Code: BMX NOE 0100

    Major Minor Revision: V2.90

 Regular Device Identification:

   Basic Identification (stream and individual access)

    Vendor Name: Schneider Electric

    Product Code: BMX NOE 0100

    Major Minor Revision: V2.90

 Extended Device Identification:

   Basic Identification (stream and individual access)

    Vendor Name: Schneider Electric

    Product Code: BMX NOE 0100

    Major Minor Revision: V2.90

 Specific Identification Object:

   Basic Identification (stream and individual access)

    Vendor Name: Schneider Electric

 Unknown Device Identification:
  Error Code: ILLEGAL DATA VALUE
"
