Plugin ID,CVE,CVSS,Risk,Host,Protocol,Port,Name,Synopsis,Description,Solution,See Also,Plugin Output
"10114","CVE-1999-0524","","None","5.11.134.123","icmp","0","ICMP Timestamp Request Remote Date Disclosure","It is possible to determine the exact time set on the remote host.","The remote host answers to an ICMP timestamp request.  This allows an
attacker to know the date that is set on the targeted machine, which
may assist an unauthenticated, remote attacker in defeating time-based
authentication protocols.

Timestamps returned from machines running Windows Vista / 7 / 2008 /
2008 R2 are deliberately incorrect, but usually within 1000 seconds of
the actual system time.","Filter out the ICMP timestamp requests (13), and the outgoing ICMP
timestamp replies (14).","","The ICMP timestamps seem to be in little endian format (not in network format)
The difference between the local and remote clocks is 3548 seconds.
"
"10281","","","None","5.11.134.123","tcp","23","Telnet Server Detection","A Telnet server is listening on the remote port.","The remote host is running a Telnet server, a remote terminal
server.","Disable this service if you do not use it.","","Here is the banner from the remote Telnet server :

------------------------------ snip ------------------------------

Router login: 
------------------------------ snip ------------------------------
"
"11153","","","None","5.11.134.123","tcp","80","Service Detection (HELP Request)","The remote service could be identified.","It was possible to identify the remote service by its banner or by
looking at the error message it sends when it receives a 'HELP'
request.","n/a","","A web server seems to be running on this port."
"11219","","","None","5.11.134.123","tcp","502","Nessus SYN scanner","It is possible to determine which TCP ports are open.","This plugin is a SYN 'half-open' port scanner.  It shall be reasonably
quick even against a firewalled target. 

Note that SYN scans are less intrusive than TCP (full connect) scans
against broken services, but they might cause problems for less robust
firewalls and also leave unclosed connections on the remote target, if
the network is loaded.","Protect your target with an IP filter.","","Port 502/tcp was found to be open"
"11219","","","None","5.11.134.123","tcp","23","Nessus SYN scanner","It is possible to determine which TCP ports are open.","This plugin is a SYN 'half-open' port scanner.  It shall be reasonably
quick even against a firewalled target. 

Note that SYN scans are less intrusive than TCP (full connect) scans
against broken services, but they might cause problems for less robust
firewalls and also leave unclosed connections on the remote target, if
the network is loaded.","Protect your target with an IP filter.","","Port 23/tcp was found to be open"
"11219","","","None","5.11.134.123","tcp","80","Nessus SYN scanner","It is possible to determine which TCP ports are open.","This plugin is a SYN 'half-open' port scanner.  It shall be reasonably
quick even against a firewalled target. 

Note that SYN scans are less intrusive than TCP (full connect) scans
against broken services, but they might cause problems for less robust
firewalls and also leave unclosed connections on the remote target, if
the network is loaded.","Protect your target with an IP filter.","","Port 80/tcp was found to be open"
"19506","","","None","5.11.134.123","tcp","0","Nessus Scan Information","This plugin displays information about the Nessus scan.","This plugin displays, for each tested host, information about the
scan itself :

  - The version of the plugin set.
  - The type of scanner (Nessus or Nessus Home).
  - The version of the Nessus Engine.
  - The port scanner(s) used.
  - The port range scanned.
  - Whether credentialed or third-party patch management
    checks are possible.
  - The date of the scan.
  - The duration of the scan.
  - The number of hosts scanned in parallel.
  - The number of checks done in parallel.","n/a","","Information about this scan : 

Nessus version : 6.8.1
Plugin feed version : 201608181730
Scanner edition used : Nessus
Scan type : Normal
Scan policy used : Device Discovery Test
Scanner IP : 172.31.33.81
Port scanner(s) : nessus_syn_scanner 
Port range : default
Thorough tests : no
Experimental tests : no
Paranoia level : 1
Report verbosity : 1
Safe checks : yes
Optimize the test : yes
Credentialed checks : no
Patch management checks : None
CGI scanning : disabled
Web application tests : disabled
Max hosts : 100
Max checks : 5
Recv timeout : 5
Backports : None
Allow post-scan editing: Yes
Scan Start Date : 2016/8/19 0:30 
Scan duration : 2192 sec
"
"22964","","","None","5.11.134.123","tcp","23","Service Detection","The remote service could be identified.","Nessus was able to identify the remote service by its banner or by
looking at the error message it sends when it receives an HTTP
request.","n/a","","A telnet server is running on this port."
"23818","","5.0","Medium","5.11.134.123","tcp","502","Modbus/TCP Discrete Input Access","Discrete inputs from a Modicon field device, such as a PLC, RTU, or
IED, can be read using function code 2.","Using function code 2, Modbus can read the discrete inputs from a
Modbus slave, which is commonly used by SCADA and DCS field devices.
Discrete inputs represent binary (i.e boolean) values that often map
to switches, relays, or other sensors. A sample of discrete inputs
read from the device are provided by the plugin output.

The ability to read discrete inputs may help an attacker profile a
system.","Restrict access to the Modbus port (TCP/502) to authorized Modbus
clients.","http://www.modbus.org","
  Discrete input # : 9
  Data             : 1

  Discrete input # : 8
  Data             : 0

  Discrete input # : 7
  Data             : 0

  Discrete input # : 6
  Data             : 0

  Discrete input # : 5
  Data             : 0

  Discrete input # : 0
  Data             : 0

  Discrete input # : 1
  Data             : 1

  Discrete input # : 2
  Data             : 1

  Discrete input # : 3
  Data             : 1

  Discrete input # : 4
  Data             : 0
"
"42263","","5.8","Medium","5.11.134.123","tcp","23","Unencrypted Telnet Server","The remote Telnet server transmits traffic in cleartext.","The remote host is running a Telnet server over an unencrypted
channel.

Using Telnet over an unencrypted channel is not recommended as logins,
passwords, and commands are transferred in cleartext. This allows a 
remote, man-in-the-middle attacker to eavesdrop on a Telnet session to
obtain credentials or other sensitive information and to modify
traffic exchanged between a client and server.

SSH is preferred over Telnet since it protects credentials from
eavesdropping and can tunnel additional data streams such as an X11
session.","Disable the Telnet service and use SSH instead.","","
Nessus collected the following banner from the remote Telnet server :

------------------------------ snip ------------------------------

Router login: 
------------------------------ snip ------------------------------
"
"10267","","","None","5.11.167.76","tcp","22","SSH Server Type and Version Information","An SSH server is listening on this port.","It is possible to obtain information about the remote SSH server by
sending an empty authentication request.","n/a","","
SSH version : SSH-2.0-dropbear_2011.54
SSH supported authentication : publickey,password
"
"10881","","","None","5.11.167.76","tcp","22","SSH Protocol Versions Supported","A SSH server is running on the remote host.","This plugin determines the versions of the SSH protocol supported by
the remote SSH daemon.","n/a","","The remote SSH daemon supports the following versions of the
SSH protocol :

  - 1.99
  - 2.0
"
"11219","","","None","5.11.167.76","tcp","80","Nessus SYN scanner","It is possible to determine which TCP ports are open.","This plugin is a SYN 'half-open' port scanner.  It shall be reasonably
quick even against a firewalled target. 

Note that SYN scans are less intrusive than TCP (full connect) scans
against broken services, but they might cause problems for less robust
firewalls and also leave unclosed connections on the remote target, if
the network is loaded.","Protect your target with an IP filter.","","Port 80/tcp was found to be open"
"11219","","","None","5.11.167.76","tcp","22","Nessus SYN scanner","It is possible to determine which TCP ports are open.","This plugin is a SYN 'half-open' port scanner.  It shall be reasonably
quick even against a firewalled target. 

Note that SYN scans are less intrusive than TCP (full connect) scans
against broken services, but they might cause problems for less robust
firewalls and also leave unclosed connections on the remote target, if
the network is loaded.","Protect your target with an IP filter.","","Port 22/tcp was found to be open"
"11219","","","None","5.11.167.76","tcp","443","Nessus SYN scanner","It is possible to determine which TCP ports are open.","This plugin is a SYN 'half-open' port scanner.  It shall be reasonably
quick even against a firewalled target. 

Note that SYN scans are less intrusive than TCP (full connect) scans
against broken services, but they might cause problems for less robust
firewalls and also leave unclosed connections on the remote target, if
the network is loaded.","Protect your target with an IP filter.","","Port 443/tcp was found to be open"
"11219","","","None","5.11.167.76","tcp","502","Nessus SYN scanner","It is possible to determine which TCP ports are open.","This plugin is a SYN 'half-open' port scanner.  It shall be reasonably
quick even against a firewalled target. 

Note that SYN scans are less intrusive than TCP (full connect) scans
against broken services, but they might cause problems for less robust
firewalls and also leave unclosed connections on the remote target, if
the network is loaded.","Protect your target with an IP filter.","","Port 502/tcp was found to be open"
"11936","","","None","5.11.167.76","tcp","0","OS Identification","It is possible to guess the remote operating system.","Using a combination of remote probes (e.g., TCP/IP, SMB, HTTP, NTP,
SNMP, etc.), it is possible to guess the name of the remote operating
system in use. It is also possible sometimes to guess the version of
the operating system.","n/a","","
Remote operating system : KYOCERA Printer
Linux Kernel 2.6
Confidence level : 54
Method : SinFP

 
The remote host is running one of these operating systems : 
KYOCERA Printer
Linux Kernel 2.6"
"19506","","","None","5.11.167.76","tcp","0","Nessus Scan Information","This plugin displays information about the Nessus scan.","This plugin displays, for each tested host, information about the
scan itself :

  - The version of the plugin set.
  - The type of scanner (Nessus or Nessus Home).
  - The version of the Nessus Engine.
  - The port scanner(s) used.
  - The port range scanned.
  - Whether credentialed or third-party patch management
    checks are possible.
  - The date of the scan.
  - The duration of the scan.
  - The number of hosts scanned in parallel.
  - The number of checks done in parallel.","n/a","","Information about this scan : 

Nessus version : 6.8.1
Plugin feed version : 201608181730
Scanner edition used : Nessus
Scan type : Normal
Scan policy used : Device Discovery Test
Scanner IP : 172.31.33.81
Port scanner(s) : nessus_syn_scanner 
Port range : default
Thorough tests : no
Experimental tests : no
Paranoia level : 1
Report verbosity : 1
Safe checks : yes
Optimize the test : yes
Credentialed checks : no
Patch management checks : None
CGI scanning : disabled
Web application tests : disabled
Max hosts : 100
Max checks : 5
Recv timeout : 5
Backports : None
Allow post-scan editing: Yes
Scan Start Date : 2016/8/19 0:30 
Scan duration : 2764 sec
"
"22964","","","None","5.11.167.76","tcp","22","Service Detection","The remote service could be identified.","Nessus was able to identify the remote service by its banner or by
looking at the error message it sends when it receives an HTTP
request.","n/a","","An SSH server is running on this port."
"22964","","","None","5.11.167.76","tcp","80","Service Detection","The remote service could be identified.","Nessus was able to identify the remote service by its banner or by
looking at the error message it sends when it receives an HTTP
request.","n/a","","A web server is running on this port."
"24260","","","None","5.11.167.76","tcp","80","HyperText Transfer Protocol (HTTP) Information","Some information about the remote HTTP configuration can be extracted.","This test gives some information about the remote HTTP protocol - the
version used, whether HTTP Keep-Alive and HTTP pipelining are enabled,
etc... 

This test is informational only and does not denote any security
problem.","n/a","","
Protocol version : HTTP/1.1
SSL : no
Keep-Alive : no
Options allowed : (Not implemented)
Headers :

  Connection: close
  ETag: ""97-197-52d6a110""
  Last-Modified: Wed, 15 Jan 2014 14:54:08 GMT
  Date: Fri, 19 Aug 2016 01:12:40 GMT
  Content-Type: text/html
  Content-Length: 407
  Transfer-Encoding: chunked
  
"
"45590","","","None","5.11.167.76","tcp","0","Common Platform Enumeration (CPE)","It is possible to enumerate CPE names that matched on the remote
system.","By using information obtained from a Nessus scan, this plugin reports
CPE (Common Platform Enumeration) matches for various hardware and
software products found on a host. 

Note that if an official CPE is not available for the product, this
plugin computes the best possible CPE based on the information
available from the scan.","n/a","http://cpe.mitre.org/
https://nvd.nist.gov/cpe.cfm","
The remote operating system matched the following CPE : 

  cpe:/o:linux:linux_kernel:2.6
"
"66334","","","None","5.11.167.76","tcp","0","Patch Report","The remote host is missing several patches.","The remote host is missing one or more security patches. This plugin
lists the newest version of each patch to install to make sure the
remote host is up-to-date.","Install the patches listed below.","","

. You need to take the following action :
[ Dropbear SSH Server < 2013.59 Multiple Vulnerabilities (70545) ]

+ Action to take : 


"
"70545","CVE-2013-4421","5.0","Medium","5.11.167.76","tcp","22","Dropbear SSH Server < 2013.59 Multiple Vulnerabilities","The remote SSH service is affected by multiple vulnerabilities.","According to its self-reported banner, the version of Dropbear SSH
running on this port is earlier than 2013.59.  As such, it is
potentially affected by multiple vulnerabilities :

  - A denial of service vulnerability caused by the way the
    'buf_decompress()' function handles compressed files.
    (CVE-2013-4421)

  - User-enumeration is possible due to a timing error when
    authenticating users. (CVE-2013-4434)","Upgrade to the Dropbear SSH 2013.59 or later.","https://matt.ucc.asn.au/dropbear/CHANGES
https://secure.ucc.asn.au/hg/dropbear/rev/0bf76f54de6f
https://secure.ucc.asn.au/hg/dropbear/rev/a625f9e135a4","
  Version source    : SSH-2.0-dropbear_2011.54
  Installed version : 2011.54
  Fixed version     : 2013.59
"
"70545","CVE-2013-4434","5.0","Medium","5.11.167.76","tcp","22","Dropbear SSH Server < 2013.59 Multiple Vulnerabilities","The remote SSH service is affected by multiple vulnerabilities.","According to its self-reported banner, the version of Dropbear SSH
running on this port is earlier than 2013.59.  As such, it is
potentially affected by multiple vulnerabilities :

  - A denial of service vulnerability caused by the way the
    'buf_decompress()' function handles compressed files.
    (CVE-2013-4421)

  - User-enumeration is possible due to a timing error when
    authenticating users. (CVE-2013-4434)","Upgrade to the Dropbear SSH 2013.59 or later.","https://matt.ucc.asn.au/dropbear/CHANGES
https://secure.ucc.asn.au/hg/dropbear/rev/0bf76f54de6f
https://secure.ucc.asn.au/hg/dropbear/rev/a625f9e135a4","
  Version source    : SSH-2.0-dropbear_2011.54
  Installed version : 2011.54
  Fixed version     : 2013.59
"
"70657","","","None","5.11.167.76","tcp","22","SSH Algorithms and Languages Supported","An SSH server is listening on this port.","This script detects which algorithms and languages are supported by
the remote service for encrypting communications.","n/a","","
Nessus negotiated the following encryption algorithm with the server : aes128-cbc

The server supports the following options for kex_algorithms : 

  diffie-hellman-group1-sha1
  diffie-hellman-group14-sha1

The server supports the following options for server_host_key_algorithms : 

  ssh-dss
  ssh-rsa

The server supports the following options for encryption_algorithms_client_to_server : 

  3des-cbc
  3des-ctr
  aes128-cbc
  aes128-ctr
  aes256-cbc
  aes256-ctr

The server supports the following options for encryption_algorithms_server_to_client : 

  3des-cbc
  3des-ctr
  aes128-cbc
  aes128-ctr
  aes256-cbc
  aes256-ctr

The server supports the following options for mac_algorithms_client_to_server : 

  hmac-md5
  hmac-sha1

The server supports the following options for mac_algorithms_server_to_client : 

  hmac-md5
  hmac-sha1

The server supports the following options for compression_algorithms_client_to_server : 

  none

The server supports the following options for compression_algorithms_server_to_client : 

  none
"
"70658","CVE-2008-5161","2.6","Low","5.11.167.76","tcp","22","SSH Server CBC Mode Ciphers Enabled","The SSH server is configured to use Cipher Block Chaining.","The SSH server is configured to support Cipher Block Chaining (CBC)
encryption.  This may allow an attacker to recover the plaintext message
from the ciphertext. 

Note that this plugin only checks for the options of the SSH server and
does not check for vulnerable software versions.","Contact the vendor or consult product documentation to disable CBC mode
cipher encryption, and enable CTR or GCM cipher mode encryption.","","
The following client-to-server Cipher Block Chaining (CBC) algorithms
are supported : 

  3des-cbc
  aes128-cbc
  aes256-cbc

The following server-to-client Cipher Block Chaining (CBC) algorithms
are supported : 

  3des-cbc
  aes128-cbc
  aes256-cbc
"
"71049","","2.6","Low","5.11.167.76","tcp","22","SSH Weak MAC Algorithms Enabled","The remote SSH server is configured to allow MD5 and 96-bit MAC
algorithms.","The remote SSH server is configured to allow either MD5 or 96-bit MAC
algorithms, both of which are considered weak.

Note that this plugin only checks for the options of the SSH server,
and it does not check for vulnerable software versions.","Contact the vendor or consult product documentation to disable MD5 and
96-bit MAC algorithms.","","
The following client-to-server Message Authentication Code (MAC) algorithms
are supported : 

  hmac-md5

The following server-to-client Message Authentication Code (MAC) algorithms
are supported : 

  hmac-md5
"
"10114","CVE-1999-0524","","None","50.109.70.213","icmp","0","ICMP Timestamp Request Remote Date Disclosure","It is possible to determine the exact time set on the remote host.","The remote host answers to an ICMP timestamp request.  This allows an
attacker to know the date that is set on the targeted machine, which
may assist an unauthenticated, remote attacker in defeating time-based
authentication protocols.

Timestamps returned from machines running Windows Vista / 7 / 2008 /
2008 R2 are deliberately incorrect, but usually within 1000 seconds of
the actual system time.","Filter out the ICMP timestamp requests (13), and the outgoing ICMP
timestamp replies (14).","","The difference between the local and remote clocks is 127 seconds.
"
"10267","","","None","50.109.70.213","tcp","22","SSH Server Type and Version Information","An SSH server is listening on this port.","It is possible to obtain information about the remote SSH server by
sending an empty authentication request.","n/a","","
SSH version : SSH-2.0-Siemens
SSH supported authentication : publickey,password
"
"11154","","","None","50.109.70.213","tcp","443","Unknown Service Detection: Banner Retrieval","There is an unknown service running on the remote host.","Nessus was unable to identify a service on the remote host even though
it returned a banner of some type.","n/a","","
The service on this port appears to be encrypted with SSL. If you
would like Nessus to try harder to detect it, change the 'Test SSL
based services' preference to 'All' and re-run the scan.
"
"11154","","","None","50.109.70.213","tcp","5554","Unknown Service Detection: Banner Retrieval","There is an unknown service running on the remote host.","Nessus was unable to identify a service on the remote host even though
it returned a banner of some type.","n/a","","
If you know what this service is and think the banner could be used to
identify it, please send a description of the service along with the
following output to svc-signatures@nessus.org :

  Port   : 5554
  Type   : spontaneous
  Banner : 
0x00:  00 00 00 0C 00 00 00 10 00 00 00 05 00 00 00 01    ................
           0x10:  00 00 00 0C 00 00 00 05 00 00 00 06 63 6D 61 00    ............cma.
           0x20:                                                                     
           
"
"11154","","","None","50.109.70.213","tcp","5555","Unknown Service Detection: Banner Retrieval","There is an unknown service running on the remote host.","Nessus was unable to identify a service on the remote host even though
it returned a banner of some type.","n/a","","
If you know what this service is and think the banner could be used to
identify it, please send a description of the service along with the
following output to svc-signatures@nessus.org :

  Port   : 5555
  Type   : spontaneous
  Banner : 
0x00:  00 00 00 0C 00 00 00 10 00 00 00 12 00 00 00 01    ................
           0x10:  00 00 00 0C 00 00 00 05 00 00 00 13 73 63 6D 00    ............scm.
           0x20:                                                                     
           
"
"11219","","","None","50.109.70.213","tcp","5554","Nessus SYN scanner","It is possible to determine which TCP ports are open.","This plugin is a SYN 'half-open' port scanner.  It shall be reasonably
quick even against a firewalled target. 

Note that SYN scans are less intrusive than TCP (full connect) scans
against broken services, but they might cause problems for less robust
firewalls and also leave unclosed connections on the remote target, if
the network is loaded.","Protect your target with an IP filter.","","Port 5554/tcp was found to be open"
"11219","","","None","50.109.70.213","tcp","8080","Nessus SYN scanner","It is possible to determine which TCP ports are open.","This plugin is a SYN 'half-open' port scanner.  It shall be reasonably
quick even against a firewalled target. 

Note that SYN scans are less intrusive than TCP (full connect) scans
against broken services, but they might cause problems for less robust
firewalls and also leave unclosed connections on the remote target, if
the network is loaded.","Protect your target with an IP filter.","","Port 8080/tcp was found to be open"
"11219","","","None","50.109.70.213","tcp","5555","Nessus SYN scanner","It is possible to determine which TCP ports are open.","This plugin is a SYN 'half-open' port scanner.  It shall be reasonably
quick even against a firewalled target. 

Note that SYN scans are less intrusive than TCP (full connect) scans
against broken services, but they might cause problems for less robust
firewalls and also leave unclosed connections on the remote target, if
the network is loaded.","Protect your target with an IP filter.","","Port 5555/tcp was found to be open"
"11219","","","None","50.109.70.213","tcp","443","Nessus SYN scanner","It is possible to determine which TCP ports are open.","This plugin is a SYN 'half-open' port scanner.  It shall be reasonably
quick even against a firewalled target. 

Note that SYN scans are less intrusive than TCP (full connect) scans
against broken services, but they might cause problems for less robust
firewalls and also leave unclosed connections on the remote target, if
the network is loaded.","Protect your target with an IP filter.","","Port 443/tcp was found to be open"
"11219","","","None","50.109.70.213","tcp","22","Nessus SYN scanner","It is possible to determine which TCP ports are open.","This plugin is a SYN 'half-open' port scanner.  It shall be reasonably
quick even against a firewalled target. 

Note that SYN scans are less intrusive than TCP (full connect) scans
against broken services, but they might cause problems for less robust
firewalls and also leave unclosed connections on the remote target, if
the network is loaded.","Protect your target with an IP filter.","","Port 22/tcp was found to be open"
"11936","","","None","50.109.70.213","tcp","0","OS Identification","It is possible to guess the remote operating system.","Using a combination of remote probes (e.g., TCP/IP, SMB, HTTP, NTP,
SNMP, etc.), it is possible to guess the name of the remote operating
system in use. It is also possible sometimes to guess the version of
the operating system.","n/a","","
Remote operating system : FortiOS on Fortinet FortiGate
Confidence level : 65
Method : SinFP

 
The remote host is running FortiOS on Fortinet FortiGate"
"12053","","","None","50.109.70.213","tcp","0","Host Fully Qualified Domain Name (FQDN) Resolution","It was possible to resolve the name of the remote host.","Nessus was able to resolve the FQDN of the remote host.","n/a","","
50.109.70.213 resolves as 50-109-70-213.bltn.il.frontiernet.net.
"
"19506","","","None","50.109.70.213","tcp","0","Nessus Scan Information","This plugin displays information about the Nessus scan.","This plugin displays, for each tested host, information about the
scan itself :

  - The version of the plugin set.
  - The type of scanner (Nessus or Nessus Home).
  - The version of the Nessus Engine.
  - The port scanner(s) used.
  - The port range scanned.
  - Whether credentialed or third-party patch management
    checks are possible.
  - The date of the scan.
  - The duration of the scan.
  - The number of hosts scanned in parallel.
  - The number of checks done in parallel.","n/a","","Information about this scan : 

Nessus version : 6.8.1
Plugin feed version : 201608181730
Scanner edition used : Nessus
Scan type : Normal
Scan policy used : Device Discovery Test
Scanner IP : 172.31.33.81
Port scanner(s) : nessus_syn_scanner 
Port range : default
Thorough tests : no
Experimental tests : no
Paranoia level : 1
Report verbosity : 1
Safe checks : yes
Optimize the test : yes
Credentialed checks : no
Patch management checks : None
CGI scanning : disabled
Web application tests : disabled
Max hosts : 100
Max checks : 5
Recv timeout : 5
Backports : None
Allow post-scan editing: Yes
Scan Start Date : 2016/8/19 0:30 
Scan duration : 3815 sec
"
"22964","","","None","50.109.70.213","tcp","8080","Service Detection","The remote service could be identified.","Nessus was able to identify the remote service by its banner or by
looking at the error message it sends when it receives an HTTP
request.","n/a","","The service closed the connection without sending any data.
It might be protected by some sort of TCP wrapper."
"22964","","","None","50.109.70.213","tcp","22","Service Detection","The remote service could be identified.","Nessus was able to identify the remote service by its banner or by
looking at the error message it sends when it receives an HTTP
request.","n/a","","An SSH server is running on this port."
"45590","","","None","50.109.70.213","tcp","0","Common Platform Enumeration (CPE)","It is possible to enumerate CPE names that matched on the remote
system.","By using information obtained from a Nessus scan, this plugin reports
CPE (Common Platform Enumeration) matches for various hardware and
software products found on a host. 

Note that if an official CPE is not available for the product, this
plugin computes the best possible CPE based on the information
available from the scan.","n/a","http://cpe.mitre.org/
https://nvd.nist.gov/cpe.cfm","
The remote operating system matched the following CPE : 

  cpe:/o:fortinet:fortios
"
"54615","","","None","50.109.70.213","tcp","0","Device Type","It is possible to guess the remote device type.","Based on the remote operating system, it is possible to determine
what the remote system type is (eg: a printer, router, general-purpose
computer, etc).","n/a","","Remote device type : firewall
Confidence level : 65
"
"70657","","","None","50.109.70.213","tcp","22","SSH Algorithms and Languages Supported","An SSH server is listening on this port.","This script detects which algorithms and languages are supported by
the remote service for encrypting communications.","n/a","","
Nessus negotiated the following encryption algorithm with the server : 3des-cbc

The server supports the following options for kex_algorithms : 

  diffie-hellman-group1-sha1

The server supports the following options for server_host_key_algorithms : 

  ssh-dss

The server supports the following options for encryption_algorithms_client_to_server : 

  3des-cbc

The server supports the following options for encryption_algorithms_server_to_client : 

  3des-cbc

The server supports the following options for mac_algorithms_client_to_server : 

  hmac-sha1

The server supports the following options for mac_algorithms_server_to_client : 

  hmac-sha1

The server supports the following options for compression_algorithms_client_to_server : 

  none

The server supports the following options for compression_algorithms_server_to_client : 

  none
"
"70658","CVE-2008-5161","2.6","Low","50.109.70.213","tcp","22","SSH Server CBC Mode Ciphers Enabled","The SSH server is configured to use Cipher Block Chaining.","The SSH server is configured to support Cipher Block Chaining (CBC)
encryption.  This may allow an attacker to recover the plaintext message
from the ciphertext. 

Note that this plugin only checks for the options of the SSH server and
does not check for vulnerable software versions.","Contact the vendor or consult product documentation to disable CBC mode
cipher encryption, and enable CTR or GCM cipher mode encryption.","","
The following client-to-server Cipher Block Chaining (CBC) algorithms
are supported : 

  3des-cbc

The following server-to-client Cipher Block Chaining (CBC) algorithms
are supported : 

  3des-cbc
"
"11219","","","None","50.38.237.152","tcp","4567","Nessus SYN scanner","It is possible to determine which TCP ports are open.","This plugin is a SYN 'half-open' port scanner.  It shall be reasonably
quick even against a firewalled target. 

Note that SYN scans are less intrusive than TCP (full connect) scans
against broken services, but they might cause problems for less robust
firewalls and also leave unclosed connections on the remote target, if
the network is loaded.","Protect your target with an IP filter.","","Port 4567/tcp was found to be open"
"11936","","","None","50.38.237.152","tcp","0","OS Identification","It is possible to guess the remote operating system.","Using a combination of remote probes (e.g., TCP/IP, SMB, HTTP, NTP,
SNMP, etc.), it is possible to guess the name of the remote operating
system in use. It is also possible sometimes to guess the version of
the operating system.","n/a","","
Remote operating system : Linux Kernel 2.4
Linux Kernel 2.6
Confidence level : 54
Method : SinFP

 
The remote host is running one of these operating systems : 
Linux Kernel 2.4
Linux Kernel 2.6"
"19506","","","None","50.38.237.152","tcp","0","Nessus Scan Information","This plugin displays information about the Nessus scan.","This plugin displays, for each tested host, information about the
scan itself :

  - The version of the plugin set.
  - The type of scanner (Nessus or Nessus Home).
  - The version of the Nessus Engine.
  - The port scanner(s) used.
  - The port range scanned.
  - Whether credentialed or third-party patch management
    checks are possible.
  - The date of the scan.
  - The duration of the scan.
  - The number of hosts scanned in parallel.
  - The number of checks done in parallel.","n/a","","Information about this scan : 

Nessus version : 6.8.1
Plugin feed version : 201608181730
Scanner edition used : Nessus
Scan type : Normal
Scan policy used : Device Discovery Test
Scanner IP : 172.31.33.81
Port scanner(s) : nessus_syn_scanner 
Port range : default
Thorough tests : no
Experimental tests : no
Paranoia level : 1
Report verbosity : 1
Safe checks : yes
Optimize the test : yes
Credentialed checks : no
Patch management checks : None
CGI scanning : disabled
Web application tests : disabled
Max hosts : 100
Max checks : 5
Recv timeout : 5
Backports : None
Allow post-scan editing: Yes
Scan Start Date : 2016/8/19 0:30 
Scan duration : 2578 sec
"
"22964","","","None","50.38.237.152","tcp","4567","Service Detection","The remote service could be identified.","Nessus was able to identify the remote service by its banner or by
looking at the error message it sends when it receives an HTTP
request.","n/a","","The service closed the connection without sending any data.
It might be protected by some sort of TCP wrapper."
"25220","","","None","50.38.237.152","tcp","0","TCP/IP Timestamps Supported","The remote service implements TCP timestamps.","The remote host implements TCP timestamps, as defined by RFC1323.  A
side effect of this feature is that the uptime of the remote host can
sometimes be computed.","n/a","http://www.ietf.org/rfc/rfc1323.txt",""
"45590","","","None","50.38.237.152","tcp","0","Common Platform Enumeration (CPE)","It is possible to enumerate CPE names that matched on the remote
system.","By using information obtained from a Nessus scan, this plugin reports
CPE (Common Platform Enumeration) matches for various hardware and
software products found on a host. 

Note that if an official CPE is not available for the product, this
plugin computes the best possible CPE based on the information
available from the scan.","n/a","http://cpe.mitre.org/
https://nvd.nist.gov/cpe.cfm","
The remote operating system matched the following CPE's : 

  cpe:/o:linux:linux_kernel:2.4
  cpe:/o:linux:linux_kernel:2.6
"
"54615","","","None","50.38.237.152","tcp","0","Device Type","It is possible to guess the remote device type.","Based on the remote operating system, it is possible to determine
what the remote system type is (eg: a printer, router, general-purpose
computer, etc).","n/a","","Remote device type : general-purpose
Confidence level : 54
"
"11154","","","None","50.38.239.236","tcp","443","Unknown Service Detection: Banner Retrieval","There is an unknown service running on the remote host.","Nessus was unable to identify a service on the remote host even though
it returned a banner of some type.","n/a","","
The service on this port appears to be encrypted with SSL. If you
would like Nessus to try harder to detect it, change the 'Test SSL
based services' preference to 'All' and re-run the scan.
"
"11219","","","None","50.38.239.236","tcp","443","Nessus SYN scanner","It is possible to determine which TCP ports are open.","This plugin is a SYN 'half-open' port scanner.  It shall be reasonably
quick even against a firewalled target. 

Note that SYN scans are less intrusive than TCP (full connect) scans
against broken services, but they might cause problems for less robust
firewalls and also leave unclosed connections on the remote target, if
the network is loaded.","Protect your target with an IP filter.","","Port 443/tcp was found to be open"
"11936","","","None","50.38.239.236","tcp","0","OS Identification","It is possible to guess the remote operating system.","Using a combination of remote probes (e.g., TCP/IP, SMB, HTTP, NTP,
SNMP, etc.), it is possible to guess the name of the remote operating
system in use. It is also possible sometimes to guess the version of
the operating system.","n/a","","
Remote operating system : FortiOS on Fortinet FortiGate
Confidence level : 65
Method : SinFP

 
The remote host is running FortiOS on Fortinet FortiGate"
"19506","","","None","50.38.239.236","tcp","0","Nessus Scan Information","This plugin displays information about the Nessus scan.","This plugin displays, for each tested host, information about the
scan itself :

  - The version of the plugin set.
  - The type of scanner (Nessus or Nessus Home).
  - The version of the Nessus Engine.
  - The port scanner(s) used.
  - The port range scanned.
  - Whether credentialed or third-party patch management
    checks are possible.
  - The date of the scan.
  - The duration of the scan.
  - The number of hosts scanned in parallel.
  - The number of checks done in parallel.","n/a","","Information about this scan : 

Nessus version : 6.8.1
Plugin feed version : 201608181730
Scanner edition used : Nessus
Scan type : Normal
Scan policy used : Device Discovery Test
Scanner IP : 172.31.33.81
Port scanner(s) : nessus_syn_scanner 
Port range : default
Thorough tests : no
Experimental tests : no
Paranoia level : 1
Report verbosity : 1
Safe checks : yes
Optimize the test : yes
Credentialed checks : no
Patch management checks : None
CGI scanning : disabled
Web application tests : disabled
Max hosts : 100
Max checks : 5
Recv timeout : 5
Backports : None
Allow post-scan editing: Yes
Scan Start Date : 2016/8/19 0:30 
Scan duration : 2223 sec
"
"25220","","","None","50.38.239.236","tcp","0","TCP/IP Timestamps Supported","The remote service implements TCP timestamps.","The remote host implements TCP timestamps, as defined by RFC1323.  A
side effect of this feature is that the uptime of the remote host can
sometimes be computed.","n/a","http://www.ietf.org/rfc/rfc1323.txt",""
"45590","","","None","50.38.239.236","tcp","0","Common Platform Enumeration (CPE)","It is possible to enumerate CPE names that matched on the remote
system.","By using information obtained from a Nessus scan, this plugin reports
CPE (Common Platform Enumeration) matches for various hardware and
software products found on a host. 

Note that if an official CPE is not available for the product, this
plugin computes the best possible CPE based on the information
available from the scan.","n/a","http://cpe.mitre.org/
https://nvd.nist.gov/cpe.cfm","
The remote operating system matched the following CPE : 

  cpe:/o:fortinet:fortios
"
"54615","","","None","50.38.239.236","tcp","0","Device Type","It is possible to guess the remote device type.","Based on the remote operating system, it is possible to determine
what the remote system type is (eg: a printer, router, general-purpose
computer, etc).","n/a","","Remote device type : firewall
Confidence level : 65
"
"10114","CVE-1999-0524","","None","50.48.12.106","icmp","0","ICMP Timestamp Request Remote Date Disclosure","It is possible to determine the exact time set on the remote host.","The remote host answers to an ICMP timestamp request.  This allows an
attacker to know the date that is set on the targeted machine, which
may assist an unauthenticated, remote attacker in defeating time-based
authentication protocols.

Timestamps returned from machines running Windows Vista / 7 / 2008 /
2008 R2 are deliberately incorrect, but usually within 1000 seconds of
the actual system time.","Filter out the ICMP timestamp requests (13), and the outgoing ICMP
timestamp replies (14).","","The difference between the local and remote clocks is 79 seconds.
"
"10267","","","None","50.48.12.106","tcp","22","SSH Server Type and Version Information","An SSH server is listening on this port.","It is possible to obtain information about the remote SSH server by
sending an empty authentication request.","n/a","","
SSH version : SSH-2.0-Siemens
SSH supported authentication : publickey,password
"
"11154","","","None","50.48.12.106","tcp","443","Unknown Service Detection: Banner Retrieval","There is an unknown service running on the remote host.","Nessus was unable to identify a service on the remote host even though
it returned a banner of some type.","n/a","","
The service on this port appears to be encrypted with SSL. If you
would like Nessus to try harder to detect it, change the 'Test SSL
based services' preference to 'All' and re-run the scan.
"
"11154","","","None","50.48.12.106","tcp","5554","Unknown Service Detection: Banner Retrieval","There is an unknown service running on the remote host.","Nessus was unable to identify a service on the remote host even though
it returned a banner of some type.","n/a","","
If you know what this service is and think the banner could be used to
identify it, please send a description of the service along with the
following output to svc-signatures@nessus.org :

  Port   : 5554
  Type   : spontaneous
  Banner : 
0x00:  00 00 00 0C 00 00 00 10 00 00 00 03 00 00 00 01    ................
           0x10:  00 00 00 0C 00 00 00 05 00 00 00 04 63 6D 61 00    ............cma.
           0x20:                                                                     
           
"
"11154","","","None","50.48.12.106","tcp","5555","Unknown Service Detection: Banner Retrieval","There is an unknown service running on the remote host.","Nessus was unable to identify a service on the remote host even though
it returned a banner of some type.","n/a","","
If you know what this service is and think the banner could be used to
identify it, please send a description of the service along with the
following output to svc-signatures@nessus.org :

  Port   : 5555
  Type   : spontaneous
  Banner : 
0x00:  00 00 00 0C 00 00 00 10 00 00 00 6E 00 00 00 01    ...........n....
           0x10:  00 00 00 0C 00 00 00 05 00 00 00 6F 73 63 6D 00    ...........oscm.
           0x20:                                                                     
           
"
"11219","","","None","50.48.12.106","tcp","443","Nessus SYN scanner","It is possible to determine which TCP ports are open.","This plugin is a SYN 'half-open' port scanner.  It shall be reasonably
quick even against a firewalled target. 

Note that SYN scans are less intrusive than TCP (full connect) scans
against broken services, but they might cause problems for less robust
firewalls and also leave unclosed connections on the remote target, if
the network is loaded.","Protect your target with an IP filter.","","Port 443/tcp was found to be open"
"11219","","","None","50.48.12.106","tcp","8080","Nessus SYN scanner","It is possible to determine which TCP ports are open.","This plugin is a SYN 'half-open' port scanner.  It shall be reasonably
quick even against a firewalled target. 

Note that SYN scans are less intrusive than TCP (full connect) scans
against broken services, but they might cause problems for less robust
firewalls and also leave unclosed connections on the remote target, if
the network is loaded.","Protect your target with an IP filter.","","Port 8080/tcp was found to be open"
"11219","","","None","50.48.12.106","tcp","22","Nessus SYN scanner","It is possible to determine which TCP ports are open.","This plugin is a SYN 'half-open' port scanner.  It shall be reasonably
quick even against a firewalled target. 

Note that SYN scans are less intrusive than TCP (full connect) scans
against broken services, but they might cause problems for less robust
firewalls and also leave unclosed connections on the remote target, if
the network is loaded.","Protect your target with an IP filter.","","Port 22/tcp was found to be open"
"11219","","","None","50.48.12.106","tcp","5554","Nessus SYN scanner","It is possible to determine which TCP ports are open.","This plugin is a SYN 'half-open' port scanner.  It shall be reasonably
quick even against a firewalled target. 

Note that SYN scans are less intrusive than TCP (full connect) scans
against broken services, but they might cause problems for less robust
firewalls and also leave unclosed connections on the remote target, if
the network is loaded.","Protect your target with an IP filter.","","Port 5554/tcp was found to be open"
"11219","","","None","50.48.12.106","tcp","5555","Nessus SYN scanner","It is possible to determine which TCP ports are open.","This plugin is a SYN 'half-open' port scanner.  It shall be reasonably
quick even against a firewalled target. 

Note that SYN scans are less intrusive than TCP (full connect) scans
against broken services, but they might cause problems for less robust
firewalls and also leave unclosed connections on the remote target, if
the network is loaded.","Protect your target with an IP filter.","","Port 5555/tcp was found to be open"
"19506","","","None","50.48.12.106","tcp","0","Nessus Scan Information","This plugin displays information about the Nessus scan.","This plugin displays, for each tested host, information about the
scan itself :

  - The version of the plugin set.
  - The type of scanner (Nessus or Nessus Home).
  - The version of the Nessus Engine.
  - The port scanner(s) used.
  - The port range scanned.
  - Whether credentialed or third-party patch management
    checks are possible.
  - The date of the scan.
  - The duration of the scan.
  - The number of hosts scanned in parallel.
  - The number of checks done in parallel.","n/a","","Information about this scan : 

Nessus version : 6.8.1
Plugin feed version : 201608181730
Scanner edition used : Nessus
Scan type : Normal
Scan policy used : Device Discovery Test
Scanner IP : 172.31.33.81
Port scanner(s) : nessus_syn_scanner 
Port range : default
Thorough tests : no
Experimental tests : no
Paranoia level : 1
Report verbosity : 1
Safe checks : yes
Optimize the test : yes
Credentialed checks : no
Patch management checks : None
CGI scanning : disabled
Web application tests : disabled
Max hosts : 100
Max checks : 5
Recv timeout : 5
Backports : None
Allow post-scan editing: Yes
Scan Start Date : 2016/8/19 0:30 
Scan duration : 1323 sec
"
"22964","","","None","50.48.12.106","tcp","8080","Service Detection","The remote service could be identified.","Nessus was able to identify the remote service by its banner or by
looking at the error message it sends when it receives an HTTP
request.","n/a","","The service closed the connection without sending any data.
It might be protected by some sort of TCP wrapper."
"22964","","","None","50.48.12.106","tcp","22","Service Detection","The remote service could be identified.","Nessus was able to identify the remote service by its banner or by
looking at the error message it sends when it receives an HTTP
request.","n/a","","An SSH server is running on this port."
"25220","","","None","50.48.12.106","tcp","0","TCP/IP Timestamps Supported","The remote service implements TCP timestamps.","The remote host implements TCP timestamps, as defined by RFC1323.  A
side effect of this feature is that the uptime of the remote host can
sometimes be computed.","n/a","http://www.ietf.org/rfc/rfc1323.txt",""
"70657","","","None","50.48.12.106","tcp","22","SSH Algorithms and Languages Supported","An SSH server is listening on this port.","This script detects which algorithms and languages are supported by
the remote service for encrypting communications.","n/a","","
Nessus negotiated the following encryption algorithm with the server : 3des-cbc

The server supports the following options for kex_algorithms : 

  diffie-hellman-group1-sha1

The server supports the following options for server_host_key_algorithms : 

  ssh-dss

The server supports the following options for encryption_algorithms_client_to_server : 

  3des-cbc

The server supports the following options for encryption_algorithms_server_to_client : 

  3des-cbc

The server supports the following options for mac_algorithms_client_to_server : 

  hmac-sha1

The server supports the following options for mac_algorithms_server_to_client : 

  hmac-sha1

The server supports the following options for compression_algorithms_client_to_server : 

  none

The server supports the following options for compression_algorithms_server_to_client : 

  none
"
"70658","CVE-2008-5161","2.6","Low","50.48.12.106","tcp","22","SSH Server CBC Mode Ciphers Enabled","The SSH server is configured to use Cipher Block Chaining.","The SSH server is configured to support Cipher Block Chaining (CBC)
encryption.  This may allow an attacker to recover the plaintext message
from the ciphertext. 

Note that this plugin only checks for the options of the SSH server and
does not check for vulnerable software versions.","Contact the vendor or consult product documentation to disable CBC mode
cipher encryption, and enable CTR or GCM cipher mode encryption.","","
The following client-to-server Cipher Block Chaining (CBC) algorithms
are supported : 

  3des-cbc

The following server-to-client Cipher Block Chaining (CBC) algorithms
are supported : 

  3des-cbc
"
"10114","CVE-1999-0524","","None","50.48.25.178","icmp","0","ICMP Timestamp Request Remote Date Disclosure","It is possible to determine the exact time set on the remote host.","The remote host answers to an ICMP timestamp request.  This allows an
attacker to know the date that is set on the targeted machine, which
may assist an unauthenticated, remote attacker in defeating time-based
authentication protocols.

Timestamps returned from machines running Windows Vista / 7 / 2008 /
2008 R2 are deliberately incorrect, but usually within 1000 seconds of
the actual system time.","Filter out the ICMP timestamp requests (13), and the outgoing ICMP
timestamp replies (14).","","The difference between the local and remote clocks is 26 seconds.
"
"10267","","","None","50.48.25.178","tcp","22","SSH Server Type and Version Information","An SSH server is listening on this port.","It is possible to obtain information about the remote SSH server by
sending an empty authentication request.","n/a","","
SSH version : SSH-2.0-Siemens
SSH supported authentication : publickey,password
"
"11154","","","None","50.48.25.178","tcp","443","Unknown Service Detection: Banner Retrieval","There is an unknown service running on the remote host.","Nessus was unable to identify a service on the remote host even though
it returned a banner of some type.","n/a","","
The service on this port appears to be encrypted with SSL. If you
would like Nessus to try harder to detect it, change the 'Test SSL
based services' preference to 'All' and re-run the scan.
"
"11154","","","None","50.48.25.178","tcp","5554","Unknown Service Detection: Banner Retrieval","There is an unknown service running on the remote host.","Nessus was unable to identify a service on the remote host even though
it returned a banner of some type.","n/a","","
If you know what this service is and think the banner could be used to
identify it, please send a description of the service along with the
following output to svc-signatures@nessus.org :

  Port   : 5554
  Type   : spontaneous
  Banner : 
0x00:  00 00 00 0C 00 00 00 10 00 00 00 05 00 00 00 01    ................
           0x10:  00 00 00 0C 00 00 00 05 00 00 00 06 63 6D 61 00    ............cma.
           0x20:                                                                     
           
"
"11154","","","None","50.48.25.178","tcp","5555","Unknown Service Detection: Banner Retrieval","There is an unknown service running on the remote host.","Nessus was unable to identify a service on the remote host even though
it returned a banner of some type.","n/a","","
If you know what this service is and think the banner could be used to
identify it, please send a description of the service along with the
following output to svc-signatures@nessus.org :

  Port   : 5555
  Type   : spontaneous
  Banner : 
0x00:  00 00 00 0C 00 00 00 10 00 00 00 84 00 00 00 01    ................
           0x10:  00 00 00 0C 00 00 00 05 00 00 00 85 73 63 6D 00    ............scm.
           0x20:                                                                     
           
"
"11219","","","None","50.48.25.178","tcp","443","Nessus SYN scanner","It is possible to determine which TCP ports are open.","This plugin is a SYN 'half-open' port scanner.  It shall be reasonably
quick even against a firewalled target. 

Note that SYN scans are less intrusive than TCP (full connect) scans
against broken services, but they might cause problems for less robust
firewalls and also leave unclosed connections on the remote target, if
the network is loaded.","Protect your target with an IP filter.","","Port 443/tcp was found to be open"
"11219","","","None","50.48.25.178","tcp","22","Nessus SYN scanner","It is possible to determine which TCP ports are open.","This plugin is a SYN 'half-open' port scanner.  It shall be reasonably
quick even against a firewalled target. 

Note that SYN scans are less intrusive than TCP (full connect) scans
against broken services, but they might cause problems for less robust
firewalls and also leave unclosed connections on the remote target, if
the network is loaded.","Protect your target with an IP filter.","","Port 22/tcp was found to be open"
"11219","","","None","50.48.25.178","tcp","8080","Nessus SYN scanner","It is possible to determine which TCP ports are open.","This plugin is a SYN 'half-open' port scanner.  It shall be reasonably
quick even against a firewalled target. 

Note that SYN scans are less intrusive than TCP (full connect) scans
against broken services, but they might cause problems for less robust
firewalls and also leave unclosed connections on the remote target, if
the network is loaded.","Protect your target with an IP filter.","","Port 8080/tcp was found to be open"
"11219","","","None","50.48.25.178","tcp","5554","Nessus SYN scanner","It is possible to determine which TCP ports are open.","This plugin is a SYN 'half-open' port scanner.  It shall be reasonably
quick even against a firewalled target. 

Note that SYN scans are less intrusive than TCP (full connect) scans
against broken services, but they might cause problems for less robust
firewalls and also leave unclosed connections on the remote target, if
the network is loaded.","Protect your target with an IP filter.","","Port 5554/tcp was found to be open"
"11219","","","None","50.48.25.178","tcp","5555","Nessus SYN scanner","It is possible to determine which TCP ports are open.","This plugin is a SYN 'half-open' port scanner.  It shall be reasonably
quick even against a firewalled target. 

Note that SYN scans are less intrusive than TCP (full connect) scans
against broken services, but they might cause problems for less robust
firewalls and also leave unclosed connections on the remote target, if
the network is loaded.","Protect your target with an IP filter.","","Port 5555/tcp was found to be open"
"11936","","","None","50.48.25.178","tcp","0","OS Identification","It is possible to guess the remote operating system.","Using a combination of remote probes (e.g., TCP/IP, SMB, HTTP, NTP,
SNMP, etc.), it is possible to guess the name of the remote operating
system in use. It is also possible sometimes to guess the version of
the operating system.","n/a","","
Remote operating system : FortiOS on Fortinet FortiGate
Confidence level : 65
Method : SinFP

 
The remote host is running FortiOS on Fortinet FortiGate"
"19506","","","None","50.48.25.178","tcp","0","Nessus Scan Information","This plugin displays information about the Nessus scan.","This plugin displays, for each tested host, information about the
scan itself :

  - The version of the plugin set.
  - The type of scanner (Nessus or Nessus Home).
  - The version of the Nessus Engine.
  - The port scanner(s) used.
  - The port range scanned.
  - Whether credentialed or third-party patch management
    checks are possible.
  - The date of the scan.
  - The duration of the scan.
  - The number of hosts scanned in parallel.
  - The number of checks done in parallel.","n/a","","Information about this scan : 

Nessus version : 6.8.1
Plugin feed version : 201608181730
Scanner edition used : Nessus
Scan type : Normal
Scan policy used : Device Discovery Test
Scanner IP : 172.31.33.81
Port scanner(s) : nessus_syn_scanner 
Port range : default
Thorough tests : no
Experimental tests : no
Paranoia level : 1
Report verbosity : 1
Safe checks : yes
Optimize the test : yes
Credentialed checks : no
Patch management checks : None
CGI scanning : disabled
Web application tests : disabled
Max hosts : 100
Max checks : 5
Recv timeout : 5
Backports : None
Allow post-scan editing: Yes
Scan Start Date : 2016/8/19 0:30 
Scan duration : 1261 sec
"
"22964","","","None","50.48.25.178","tcp","8080","Service Detection","The remote service could be identified.","Nessus was able to identify the remote service by its banner or by
looking at the error message it sends when it receives an HTTP
request.","n/a","","The service closed the connection without sending any data.
It might be protected by some sort of TCP wrapper."
"22964","","","None","50.48.25.178","tcp","22","Service Detection","The remote service could be identified.","Nessus was able to identify the remote service by its banner or by
looking at the error message it sends when it receives an HTTP
request.","n/a","","An SSH server is running on this port."
"25220","","","None","50.48.25.178","tcp","0","TCP/IP Timestamps Supported","The remote service implements TCP timestamps.","The remote host implements TCP timestamps, as defined by RFC1323.  A
side effect of this feature is that the uptime of the remote host can
sometimes be computed.","n/a","http://www.ietf.org/rfc/rfc1323.txt",""
"45590","","","None","50.48.25.178","tcp","0","Common Platform Enumeration (CPE)","It is possible to enumerate CPE names that matched on the remote
system.","By using information obtained from a Nessus scan, this plugin reports
CPE (Common Platform Enumeration) matches for various hardware and
software products found on a host. 

Note that if an official CPE is not available for the product, this
plugin computes the best possible CPE based on the information
available from the scan.","n/a","http://cpe.mitre.org/
https://nvd.nist.gov/cpe.cfm","
The remote operating system matched the following CPE : 

  cpe:/o:fortinet:fortios
"
"54615","","","None","50.48.25.178","tcp","0","Device Type","It is possible to guess the remote device type.","Based on the remote operating system, it is possible to determine
what the remote system type is (eg: a printer, router, general-purpose
computer, etc).","n/a","","Remote device type : firewall
Confidence level : 65
"
"70657","","","None","50.48.25.178","tcp","22","SSH Algorithms and Languages Supported","An SSH server is listening on this port.","This script detects which algorithms and languages are supported by
the remote service for encrypting communications.","n/a","","
Nessus negotiated the following encryption algorithm with the server : 3des-cbc

The server supports the following options for kex_algorithms : 

  diffie-hellman-group1-sha1

The server supports the following options for server_host_key_algorithms : 

  ssh-dss

The server supports the following options for encryption_algorithms_client_to_server : 

  3des-cbc

The server supports the following options for encryption_algorithms_server_to_client : 

  3des-cbc

The server supports the following options for mac_algorithms_client_to_server : 

  hmac-sha1

The server supports the following options for mac_algorithms_server_to_client : 

  hmac-sha1

The server supports the following options for compression_algorithms_client_to_server : 

  none

The server supports the following options for compression_algorithms_server_to_client : 

  none
"
"70658","CVE-2008-5161","2.6","Low","50.48.25.178","tcp","22","SSH Server CBC Mode Ciphers Enabled","The SSH server is configured to use Cipher Block Chaining.","The SSH server is configured to support Cipher Block Chaining (CBC)
encryption.  This may allow an attacker to recover the plaintext message
from the ciphertext. 

Note that this plugin only checks for the options of the SSH server and
does not check for vulnerable software versions.","Contact the vendor or consult product documentation to disable CBC mode
cipher encryption, and enable CTR or GCM cipher mode encryption.","","
The following client-to-server Cipher Block Chaining (CBC) algorithms
are supported : 

  3des-cbc

The following server-to-client Cipher Block Chaining (CBC) algorithms
are supported : 

  3des-cbc
"
"10114","CVE-1999-0524","","None","50.48.26.79","icmp","0","ICMP Timestamp Request Remote Date Disclosure","It is possible to determine the exact time set on the remote host.","The remote host answers to an ICMP timestamp request.  This allows an
attacker to know the date that is set on the targeted machine, which
may assist an unauthenticated, remote attacker in defeating time-based
authentication protocols.

Timestamps returned from machines running Windows Vista / 7 / 2008 /
2008 R2 are deliberately incorrect, but usually within 1000 seconds of
the actual system time.","Filter out the ICMP timestamp requests (13), and the outgoing ICMP
timestamp replies (14).","","The difference between the local and remote clocks is 29 seconds.
"
"10919","","","None","50.48.26.79","tcp","0","Open Port Re-check","Previously open ports are now closed.","One of several ports that were previously open are now closed or
unresponsive.

There are several possible reasons for this :

  - The scan may have caused a service to freeze or stop
    running.

  - An administrator may have stopped a particular service
    during the scanning process.

This might be an availability problem related to the following :

  - A network outage has been experienced during the scan,
    and the remote network cannot be reached anymore by the
    scanner.

  - This scanner may has been blacklisted by the system
    administrator or by an automatic intrusion detection /
    prevention system that detected the scan.

  - The remote host is now down, either because a user
    turned it off during the scan or because a select denial
    of service was effective.

In any case, the audit of the remote host might be incomplete and may
need to be done again.","- Increase checks_read_timeout and/or reduce max_checks.

- Disable any IPS during the Nessus scan","","Port 443 was detected as being open but is now unresponsive
Port 5554 was detected as being open but is now unresponsive
Port 8080 was detected as being open but is now unresponsive
Port 22 was detected as being open but is now unresponsive
Port 5555 was detected as being open but is now unresponsive
"
"11154","","","None","50.48.26.79","tcp","443","Unknown Service Detection: Banner Retrieval","There is an unknown service running on the remote host.","Nessus was unable to identify a service on the remote host even though
it returned a banner of some type.","n/a","","
The service on this port appears to be encrypted with SSL. If you
would like Nessus to try harder to detect it, change the 'Test SSL
based services' preference to 'All' and re-run the scan.
"
"11154","","","None","50.48.26.79","tcp","5554","Unknown Service Detection: Banner Retrieval","There is an unknown service running on the remote host.","Nessus was unable to identify a service on the remote host even though
it returned a banner of some type.","n/a","","
If you know what this service is and think the banner could be used to
identify it, please send a description of the service along with the
following output to svc-signatures@nessus.org :

  Port   : 5554
  Type   : spontaneous
  Banner : 
0x00:  00 00 00 0C 00 00 00 10 00 00 00 03 00 00 00 01    ................
           0x10:  00 00 00 0C 00 00 00 05 00 00 00 04 63 6D 61 00    ............cma.
           0x20:                                                                     
           
"
"11154","","","None","50.48.26.79","tcp","5555","Unknown Service Detection: Banner Retrieval","There is an unknown service running on the remote host.","Nessus was unable to identify a service on the remote host even though
it returned a banner of some type.","n/a","","
If you know what this service is and think the banner could be used to
identify it, please send a description of the service along with the
following output to svc-signatures@nessus.org :

  Port   : 5555
  Type   : spontaneous
  Banner : 
0x00:  00 00 00 0C 00 00 00 10 00 00 00 AA 00 00 00 01    ................
           0x10:  00 00 00 0C 00 00 00 05 00 00 00 AB 73 63 6D 00    ............scm.
           0x20:                                                                     
           
"
"11219","","","None","50.48.26.79","tcp","443","Nessus SYN scanner","It is possible to determine which TCP ports are open.","This plugin is a SYN 'half-open' port scanner.  It shall be reasonably
quick even against a firewalled target. 

Note that SYN scans are less intrusive than TCP (full connect) scans
against broken services, but they might cause problems for less robust
firewalls and also leave unclosed connections on the remote target, if
the network is loaded.","Protect your target with an IP filter.","","Port 443/tcp was found to be open"
"11219","","","None","50.48.26.79","tcp","8080","Nessus SYN scanner","It is possible to determine which TCP ports are open.","This plugin is a SYN 'half-open' port scanner.  It shall be reasonably
quick even against a firewalled target. 

Note that SYN scans are less intrusive than TCP (full connect) scans
against broken services, but they might cause problems for less robust
firewalls and also leave unclosed connections on the remote target, if
the network is loaded.","Protect your target with an IP filter.","","Port 8080/tcp was found to be open"
"11219","","","None","50.48.26.79","tcp","22","Nessus SYN scanner","It is possible to determine which TCP ports are open.","This plugin is a SYN 'half-open' port scanner.  It shall be reasonably
quick even against a firewalled target. 

Note that SYN scans are less intrusive than TCP (full connect) scans
against broken services, but they might cause problems for less robust
firewalls and also leave unclosed connections on the remote target, if
the network is loaded.","Protect your target with an IP filter.","","Port 22/tcp was found to be open"
"11219","","","None","50.48.26.79","tcp","5555","Nessus SYN scanner","It is possible to determine which TCP ports are open.","This plugin is a SYN 'half-open' port scanner.  It shall be reasonably
quick even against a firewalled target. 

Note that SYN scans are less intrusive than TCP (full connect) scans
against broken services, but they might cause problems for less robust
firewalls and also leave unclosed connections on the remote target, if
the network is loaded.","Protect your target with an IP filter.","","Port 5555/tcp was found to be open"
"11219","","","None","50.48.26.79","tcp","5554","Nessus SYN scanner","It is possible to determine which TCP ports are open.","This plugin is a SYN 'half-open' port scanner.  It shall be reasonably
quick even against a firewalled target. 

Note that SYN scans are less intrusive than TCP (full connect) scans
against broken services, but they might cause problems for less robust
firewalls and also leave unclosed connections on the remote target, if
the network is loaded.","Protect your target with an IP filter.","","Port 5554/tcp was found to be open"
"19506","","","None","50.48.26.79","tcp","0","Nessus Scan Information","This plugin displays information about the Nessus scan.","This plugin displays, for each tested host, information about the
scan itself :

  - The version of the plugin set.
  - The type of scanner (Nessus or Nessus Home).
  - The version of the Nessus Engine.
  - The port scanner(s) used.
  - The port range scanned.
  - Whether credentialed or third-party patch management
    checks are possible.
  - The date of the scan.
  - The duration of the scan.
  - The number of hosts scanned in parallel.
  - The number of checks done in parallel.","n/a","","Information about this scan : 

Nessus version : 6.8.1
Plugin feed version : 201608181730
Scanner edition used : Nessus
Scan type : Normal
Scan policy used : Device Discovery Test
Scanner IP : 172.31.33.81
Port scanner(s) : nessus_syn_scanner 
Port range : default
Thorough tests : no
Experimental tests : no
Paranoia level : 1
Report verbosity : 1
Safe checks : yes
Optimize the test : yes
Credentialed checks : no
Patch management checks : None
CGI scanning : disabled
Web application tests : disabled
Max hosts : 100
Max checks : 5
Recv timeout : 5
Backports : None
Allow post-scan editing: Yes
Scan Start Date : 2016/8/19 0:30 
Scan duration : 1666 sec
"
"22964","","","None","50.48.26.79","tcp","8080","Service Detection","The remote service could be identified.","Nessus was able to identify the remote service by its banner or by
looking at the error message it sends when it receives an HTTP
request.","n/a","","The service closed the connection without sending any data.
It might be protected by some sort of TCP wrapper."
"22964","","","None","50.48.26.79","tcp","22","Service Detection","The remote service could be identified.","Nessus was able to identify the remote service by its banner or by
looking at the error message it sends when it receives an HTTP
request.","n/a","","An SSH server is running on this port."
"25220","","","None","50.48.26.79","tcp","0","TCP/IP Timestamps Supported","The remote service implements TCP timestamps.","The remote host implements TCP timestamps, as defined by RFC1323.  A
side effect of this feature is that the uptime of the remote host can
sometimes be computed.","n/a","http://www.ietf.org/rfc/rfc1323.txt",""
"10114","CVE-1999-0524","","None","50.48.28.16","icmp","0","ICMP Timestamp Request Remote Date Disclosure","It is possible to determine the exact time set on the remote host.","The remote host answers to an ICMP timestamp request.  This allows an
attacker to know the date that is set on the targeted machine, which
may assist an unauthenticated, remote attacker in defeating time-based
authentication protocols.

Timestamps returned from machines running Windows Vista / 7 / 2008 /
2008 R2 are deliberately incorrect, but usually within 1000 seconds of
the actual system time.","Filter out the ICMP timestamp requests (13), and the outgoing ICMP
timestamp replies (14).","","The difference between the local and remote clocks is 92 seconds.
"
"10267","","","None","50.48.28.16","tcp","22","SSH Server Type and Version Information","An SSH server is listening on this port.","It is possible to obtain information about the remote SSH server by
sending an empty authentication request.","n/a","","
SSH version : SSH-2.0-Siemens
SSH supported authentication : publickey,password
"
"11154","","","None","50.48.28.16","tcp","443","Unknown Service Detection: Banner Retrieval","There is an unknown service running on the remote host.","Nessus was unable to identify a service on the remote host even though
it returned a banner of some type.","n/a","","
The service on this port appears to be encrypted with SSL. If you
would like Nessus to try harder to detect it, change the 'Test SSL
based services' preference to 'All' and re-run the scan.
"
"11154","","","None","50.48.28.16","tcp","5554","Unknown Service Detection: Banner Retrieval","There is an unknown service running on the remote host.","Nessus was unable to identify a service on the remote host even though
it returned a banner of some type.","n/a","","
If you know what this service is and think the banner could be used to
identify it, please send a description of the service along with the
following output to svc-signatures@nessus.org :

  Port   : 5554
  Type   : spontaneous
  Banner : 
0x00:  00 00 00 0C 00 00 00 10 00 00 00 03 00 00 00 01    ................
           0x10:  00 00 00 0C 00 00 00 05 00 00 00 04 63 6D 61 00    ............cma.
           0x20:                                                                     
           
"
"11154","","","None","50.48.28.16","tcp","5555","Unknown Service Detection: Banner Retrieval","There is an unknown service running on the remote host.","Nessus was unable to identify a service on the remote host even though
it returned a banner of some type.","n/a","","
If you know what this service is and think the banner could be used to
identify it, please send a description of the service along with the
following output to svc-signatures@nessus.org :

  Port   : 5555
  Type   : spontaneous
  Banner : 
0x00:  00 00 00 0C 00 00 00 10 00 00 00 10 00 00 00 01    ................
           0x10:  00 00 00 0C 00 00 00 05 00 00 00 11 73 63 6D 00    ............scm.
           0x20:                                                                     
           
"
"11219","","","None","50.48.28.16","tcp","443","Nessus SYN scanner","It is possible to determine which TCP ports are open.","This plugin is a SYN 'half-open' port scanner.  It shall be reasonably
quick even against a firewalled target. 

Note that SYN scans are less intrusive than TCP (full connect) scans
against broken services, but they might cause problems for less robust
firewalls and also leave unclosed connections on the remote target, if
the network is loaded.","Protect your target with an IP filter.","","Port 443/tcp was found to be open"
"11219","","","None","50.48.28.16","tcp","22","Nessus SYN scanner","It is possible to determine which TCP ports are open.","This plugin is a SYN 'half-open' port scanner.  It shall be reasonably
quick even against a firewalled target. 

Note that SYN scans are less intrusive than TCP (full connect) scans
against broken services, but they might cause problems for less robust
firewalls and also leave unclosed connections on the remote target, if
the network is loaded.","Protect your target with an IP filter.","","Port 22/tcp was found to be open"
"11219","","","None","50.48.28.16","tcp","8080","Nessus SYN scanner","It is possible to determine which TCP ports are open.","This plugin is a SYN 'half-open' port scanner.  It shall be reasonably
quick even against a firewalled target. 

Note that SYN scans are less intrusive than TCP (full connect) scans
against broken services, but they might cause problems for less robust
firewalls and also leave unclosed connections on the remote target, if
the network is loaded.","Protect your target with an IP filter.","","Port 8080/tcp was found to be open"
"11219","","","None","50.48.28.16","tcp","5554","Nessus SYN scanner","It is possible to determine which TCP ports are open.","This plugin is a SYN 'half-open' port scanner.  It shall be reasonably
quick even against a firewalled target. 

Note that SYN scans are less intrusive than TCP (full connect) scans
against broken services, but they might cause problems for less robust
firewalls and also leave unclosed connections on the remote target, if
the network is loaded.","Protect your target with an IP filter.","","Port 5554/tcp was found to be open"
"11219","","","None","50.48.28.16","tcp","5555","Nessus SYN scanner","It is possible to determine which TCP ports are open.","This plugin is a SYN 'half-open' port scanner.  It shall be reasonably
quick even against a firewalled target. 

Note that SYN scans are less intrusive than TCP (full connect) scans
against broken services, but they might cause problems for less robust
firewalls and also leave unclosed connections on the remote target, if
the network is loaded.","Protect your target with an IP filter.","","Port 5555/tcp was found to be open"
"11936","","","None","50.48.28.16","tcp","0","OS Identification","It is possible to guess the remote operating system.","Using a combination of remote probes (e.g., TCP/IP, SMB, HTTP, NTP,
SNMP, etc.), it is possible to guess the name of the remote operating
system in use. It is also possible sometimes to guess the version of
the operating system.","n/a","","
Remote operating system : FortiOS on Fortinet FortiGate
Confidence level : 65
Method : SinFP

 
The remote host is running FortiOS on Fortinet FortiGate"
"19506","","","None","50.48.28.16","tcp","0","Nessus Scan Information","This plugin displays information about the Nessus scan.","This plugin displays, for each tested host, information about the
scan itself :

  - The version of the plugin set.
  - The type of scanner (Nessus or Nessus Home).
  - The version of the Nessus Engine.
  - The port scanner(s) used.
  - The port range scanned.
  - Whether credentialed or third-party patch management
    checks are possible.
  - The date of the scan.
  - The duration of the scan.
  - The number of hosts scanned in parallel.
  - The number of checks done in parallel.","n/a","","Information about this scan : 

Nessus version : 6.8.1
Plugin feed version : 201608181730
Scanner edition used : Nessus
Scan type : Normal
Scan policy used : Device Discovery Test
Scanner IP : 172.31.33.81
Port scanner(s) : nessus_syn_scanner 
Port range : default
Thorough tests : no
Experimental tests : no
Paranoia level : 1
Report verbosity : 1
Safe checks : yes
Optimize the test : yes
Credentialed checks : no
Patch management checks : None
CGI scanning : disabled
Web application tests : disabled
Max hosts : 100
Max checks : 5
Recv timeout : 5
Backports : None
Allow post-scan editing: Yes
Scan Start Date : 2016/8/19 0:30 
Scan duration : 1323 sec
"
"22964","","","None","50.48.28.16","tcp","8080","Service Detection","The remote service could be identified.","Nessus was able to identify the remote service by its banner or by
looking at the error message it sends when it receives an HTTP
request.","n/a","","The service closed the connection without sending any data.
It might be protected by some sort of TCP wrapper."
"22964","","","None","50.48.28.16","tcp","22","Service Detection","The remote service could be identified.","Nessus was able to identify the remote service by its banner or by
looking at the error message it sends when it receives an HTTP
request.","n/a","","An SSH server is running on this port."
"25220","","","None","50.48.28.16","tcp","0","TCP/IP Timestamps Supported","The remote service implements TCP timestamps.","The remote host implements TCP timestamps, as defined by RFC1323.  A
side effect of this feature is that the uptime of the remote host can
sometimes be computed.","n/a","http://www.ietf.org/rfc/rfc1323.txt",""
"45590","","","None","50.48.28.16","tcp","0","Common Platform Enumeration (CPE)","It is possible to enumerate CPE names that matched on the remote
system.","By using information obtained from a Nessus scan, this plugin reports
CPE (Common Platform Enumeration) matches for various hardware and
software products found on a host. 

Note that if an official CPE is not available for the product, this
plugin computes the best possible CPE based on the information
available from the scan.","n/a","http://cpe.mitre.org/
https://nvd.nist.gov/cpe.cfm","
The remote operating system matched the following CPE : 

  cpe:/o:fortinet:fortios
"
"54615","","","None","50.48.28.16","tcp","0","Device Type","It is possible to guess the remote device type.","Based on the remote operating system, it is possible to determine
what the remote system type is (eg: a printer, router, general-purpose
computer, etc).","n/a","","Remote device type : firewall
Confidence level : 65
"
"70657","","","None","50.48.28.16","tcp","22","SSH Algorithms and Languages Supported","An SSH server is listening on this port.","This script detects which algorithms and languages are supported by
the remote service for encrypting communications.","n/a","","
Nessus negotiated the following encryption algorithm with the server : 3des-cbc

The server supports the following options for kex_algorithms : 

  diffie-hellman-group1-sha1

The server supports the following options for server_host_key_algorithms : 

  ssh-dss

The server supports the following options for encryption_algorithms_client_to_server : 

  3des-cbc

The server supports the following options for encryption_algorithms_server_to_client : 

  3des-cbc

The server supports the following options for mac_algorithms_client_to_server : 

  hmac-sha1

The server supports the following options for mac_algorithms_server_to_client : 

  hmac-sha1

The server supports the following options for compression_algorithms_client_to_server : 

  none

The server supports the following options for compression_algorithms_server_to_client : 

  none
"
"70658","CVE-2008-5161","2.6","Low","50.48.28.16","tcp","22","SSH Server CBC Mode Ciphers Enabled","The SSH server is configured to use Cipher Block Chaining.","The SSH server is configured to support Cipher Block Chaining (CBC)
encryption.  This may allow an attacker to recover the plaintext message
from the ciphertext. 

Note that this plugin only checks for the options of the SSH server and
does not check for vulnerable software versions.","Contact the vendor or consult product documentation to disable CBC mode
cipher encryption, and enable CTR or GCM cipher mode encryption.","","
The following client-to-server Cipher Block Chaining (CBC) algorithms
are supported : 

  3des-cbc

The following server-to-client Cipher Block Chaining (CBC) algorithms
are supported : 

  3des-cbc
"
